Workbook

Sheet Daily Summary
A1: Date | B1: Period | C1: Week Start (Mon) | D1: Steps | E1: Distance (km) | F1: Run Distance (km) | G1: Activity Calories (kcal) | H1: Active Minutes | I1: Resting HR (bpm) | J1: Avg HR (bpm) | K1: Max HR (bpm) | L1: Sleeping HR (bpm) | M1: Vigorous Minutes (HR ≥ 140) | N1: HRV Baseline (monthly, ms) | O1: Workout(s) | P1: Workout Count | Q1: Workout Minutes | R1: Workout Calories (kcal) | S1: Total Sleep (min) | T1: Deep Sleep (min) | U1: Light Sleep (min) | V1: REM Sleep (min) | W1: Time Awake (min) | X1: Fell Asleep (IST) | Y1: Woke Up (IST) | Z1: Naps (count) | AA1: Est. Energy Burned (kcal)
A2: 46154 | B2: P1 | C2: =A2-WEEKDAY(A2,3) -> 46153 | D2: 2567 | E2: 1.669 | F2: 1.437 | G2: 10 | H2: 61 | I2: 43 | J2: 60.357639 | K2: 115 | M2: 0 | N2: 91 | P2: 0 | Q2: 0 | R2: 0 | S2: =IF(COUNT(T2:V2)=3,T2+U2+V2,"") -> 543 | T2: 99 | U2: 314 | V2: 130 | W2: 3 | X2: 46154.103 | Y2: 46154.483 | Z2: 1 | AA2: 1699.6196
A3: 46155 | B3: P1 | C3: =A3-WEEKDAY(A3,3) -> 46153 | D3: 10821 | E3: 7.631 | F3: 5.734 | G3: 1448 | H3: 204 | I3: 40 | J3: 71.352941 | K3: 178 | L3: 44.31713 | M3: 102 | N3: 91 | O3: Strength/Gym (28 min); Indoor cardio/HIIT (94 min) | P3: 2 | Q3: 121.35 | R3: 1261 | S3: =IF(COUNT(T3:V3)=3,T3+U3+V3,"") -> 427 | T3: 65 | U3: 285 | V3: 77 | W3: 4 | X3: 46155.142 | Y3: 46155.442 | Z3: 1 | AA3: 3348.3664
A4: 46156 | B4: P1 | C4: =A4-WEEKDAY(A4,3) -> 46153 | D4: 2862 | E4: 1.864 | F4: 1.639 | G4: 369 | H4: 86 | I4: 40 | J4: 61.484891 | K4: 126 | L4: 45.670534 | M4: 0 | N4: 91 | O4: Strength/Gym (55 min) | P4: 1 | Q4: 55.366667 | R4: 257 | S4: =IF(COUNT(T4:V4)=3,T4+U4+V4,"") -> 514 | T4: 95 | U4: 289 | V4: 130 | W4: 8 | X4: 46156.128 | Y4: 46156.49 | Z4: 0 | AA4: 1977.2058
A5: 46157 | B5: P1 | C5: =A5-WEEKDAY(A5,3) -> 46153 | D5: 3634 | E5: 2.362 | F5: 2.087 | G5: 275 | H5: 153 | I5: 40 | J5: 57.24911 | K5: 109 | L5: 42.983491 | M5: 0 | N5: 91 | O5: Strength/Gym (52 min) | P5: 1 | Q5: 51.616667 | R5: 114 | S5: =IF(COUNT(T5:V5)=3,T5+U5+V5,"") -> 489 | T5: 60 | U5: 291 | V5: 138 | W5: 5 | X5: 46157.178 | Y5: 46157.521 | Z5: 3 | AA5: 1862.188
A6: 46158 | B6: P1 | C6: =A6-WEEKDAY(A6,3) -> 46153 | D6: 4525 | E6: 3.078 | F6: 2.449 | G6: 180 | H6: 46 | I6: 40 | J6: 58.061649 | K6: 116 | L6: 44.812217 | M6: 0 | N6: 91 | P6: 0 | Q6: 0 | R6: 0 | S6: =IF(COUNT(T6:V6)=3,T6+U6+V6,"") -> 442 | T6: 60 | U6: 287 | V6: 95 | W6: 13 | X6: 46158.168 | Y6: 46158.484 | Z6: 0 | AA6: 1782.104
A7: 46159 | B7: P1 | C7: =A7-WEEKDAY(A7,3) -> 46153 | D7: 12514 | E7: 8.995 | F7: 6.896 | G7: 398 | H7: 254 | I7: 45 | J7: 71.195652 | K7: 160 | L7: 59.968379 | M7: 22 | N7: 91 | P7: 0 | Q7: 0 | R7: 0 | S7: =IF(COUNT(T7:V7)=3,T7+U7+V7,"") -> 418 | T7: 86 | U7: 196 | V7: 136 | W7: 2 | X7: 46159.308 | Y7: 46159.6 | Z7: 0 | AA7: 2118.6555
A8: 46160 | B8: P1 | C8: =A8-WEEKDAY(A8,3) -> 46160 | D8: 11694 | E8: 9.131 | F8: 7.007 | G8: 859 | H8: 163 | I8: 44 | J8: 68.093114 | K8: 189 | L8: 50.452756 | M8: 33 | N8: 91 | O8: Strength/Gym (45 min); Running (31 min) | P8: 2 | Q8: 76.066667 | R8: 633.26315 | S8: =IF(COUNT(T8:V8)=3,T8+U8+V8,"") -> 493 | T8: 81 | U8: 299 | V8: 113 | W8: 13 | X8: 46160.133 | Y8: 46160.484 | Z8: 0 | AA8: 2523.9953
A9: 46161 | B9: P1 | C9: =A9-WEEKDAY(A9,3) -> 46160 | D9: 6979 | E9: 5.01 | F9: 3.911 | G9: 472 | H9: 107 | I9: 40 | J9: 59.022917 | K9: 109 | L9: 45.879699 | M9: 0 | N9: 91 | O9: Walk/Jog (44 min); Strength/Gym (60 min) | P9: 2 | Q9: 103.5 | R9: 353.92671 | S9: =IF(COUNT(T9:V9)=3,T9+U9+V9,"") -> 520 | T9: 63 | U9: 336 | V9: 121 | W9: 8 | X9: 46161.207 | Y9: 46161.574 | Z9: 0 | AA9: 2077.8695
A10: 46162 | B10: P1 | C10: =A10-WEEKDAY(A10,3) -> 46160 | D10: 1948 | E10: 1.268 | F10: 1.067 | G10: 537 | H10: 43 | I10: 40 | J10: 61.653738 | K10: 133 | L10: 44.02439 | M10: 0 | N10: 91 | O10: Indoor workout (51 min) | P10: 1 | Q10: 50.883333 | R10: 348 | S10: =IF(COUNT(T10:V10)=3,T10+U10+V10,"") -> 495 | T10: 51 | U10: 294 | V10: 150 | W10: 11 | X10: 46162.168 | Y10: 46162.519 | Z10: 0 | AA10: 2032.5907
A11: 46163 | B11: P1 | C11: =A11-WEEKDAY(A11,3) -> 46160 | D11: 12019 | E11: 9.247 | F11: 7.179 | G11: 892 | H11: 158 | I11: 42 | J11: 72.71595 | K11: 187 | L11: 49.413978 | M11: 27 | N11: 91 | O11: Strength/Gym (51 min); Running (28 min) | P11: 2 | Q11: 79.133333 | R11: 641.56531 | S11: =IF(COUNT(T11:V11)=3,T11+U11+V11,"") -> 370 | T11: 95 | U11: 209 | V11: 66 | W11: 4 | X11: 46163.166 | Y11: 46163.426 | Z11: 5 | AA11: 2555.9615
A12: 46164 | B12: P1 | C12: =A12-WEEKDAY(A12,3) -> 46160 | D12: 2337 | E12: 1.527 | F12: 1.313 | G12: 263 | H12: 44 | I12: 44 | J12: 60.005076 | K12: 122 | L12: 50.598174 | M12: 0 | N12: 91 | O12: Strength/Gym (44 min) | P12: 1 | Q12: 44.266667 | R12: 174 | S12: =IF(COUNT(T12:V12)=3,T12+U12+V12,"") -> 471 | T12: 70 | U12: 299 | V12: 102 | W12: 5 | X12: 46164.274 | Y12: 46164.604 | Z12: 9 | AA12: 1869.4543
A13: 46165 | B13: P1 | C13: =A13-WEEKDAY(A13,3) -> 46160 | D13: 7524 | E13: 5.164 | F13: 3.996 | G13: 1024 | H13: 162 | I13: 40 | J13: 69.906926 | K13: 179 | L13: 45.424242 | M13: 68 | N13: 91 | O13: High-intensity indoor (85) (71 min) | P13: 1 | Q13: 71.45 | R13: 850 | S13: =IF(COUNT(T13:V13)=3,T13+U13+V13,"") -> 524 | T13: 89 | U13: 305 | V13: 130 | W13: 4 | X13: 46165.181 | Y13: 46165.548 | Z13: 0 | AA13: 2785.4266
A14: 46166 | B14: P1 | C14: =A14-WEEKDAY(A14,3) -> 46160 | D14: 19723 | E14: 15.528 | F14: 11.546 | G14: 1692 | H14: 187 | I14: 53 | J14: 84.096705 | K14: 180 | L14: 57.64 | M14: 101 | N14: 91 | O14: Running (40 min); Running (19 min); Indoor cardio/HIIT (66 min) | P14: 3 | Q14: 124.51667 | R14: 1421.5362 | S14: =IF(COUNT(T14:V14)=3,T14+U14+V14,"") -> 192 | T14: 43 | U14: 117 | V14: 32 | W14: 3 | X14: 46166.115 | Y14: 46166.25 | Z14: 7 | AA14: 3517.654
A15: 46167 | B15: P1 | C15: =A15-WEEKDAY(A15,3) -> 46167 | D15: 1983 | E15: 1.289 | F15: 1.103 | G15: 235 | H15: 87 | I15: 45 | J15: 60.953081 | K15: 117 | L15: 53.39645 | M15: 0 | N15: 91 | O15: Strength/Gym (37 min) | P15: 1 | Q15: 36.683333 | R15: 153 | S15: =IF(COUNT(T15:V15)=3,T15+U15+V15,"") -> 654 | T15: 64 | U15: 416 | V15: 174 | W15: 18 | X15: 46167.133 | Y15: 46167.599 | Z15: 0 | AA15: 1832.8747
A16: 46168 | B16: P1 | C16: =A16-WEEKDAY(A16,3) -> 46167 | D16: 9070 | E16: 6.29 | F16: 4.905 | G16: 635 | H16: 177 | I16: 45 | J16: 66.165376 | K16: 166 | L16: 49.285714 | M16: 15 | N16: 91 | O16: High-intensity indoor (85) (65 min) | P16: 1 | Q16: 64.833333 | R16: 381 | S16: =IF(COUNT(T16:V16)=3,T16+U16+V16,"") -> 144 | T16: 47 | U16: 80 | V16: 17 | W16: 2 | X16: 46168.191 | Y16: 46168.292 | Z16: 0 | AA16: 2366.6658
A17: 46169 | B17: P1 | C17: =A17-WEEKDAY(A17,3) -> 46167 | D17: 4542 | E17: 3.088 | F17: 2.483 | G17: 719 | H17: 68 | I17: 40 | J17: 60.279911 | K17: 138 | L17: 46.924658 | M17: 0 | N17: 91 | O17: Indoor workout (52 min); Strength/Gym (42 min) | P17: 2 | Q17: 93.45 | R17: 557 | S17: =IF(COUNT(T17:V17)=3,T17+U17+V17,"") -> 499 | T17: 84 | U17: 317 | V17: 98 | W17: 12 | X17: 46169.122 | Y17: 46169.476 | Z17: 9 | AA17: 2357.5027
A18: 46170 | B18: P1 | C18: =A18-WEEKDAY(A18,3) -> 46167 | D18: 2316 | E18: 1.592 | F18: 1.311 | G18: 102 | H18: 27 | I18: 43 | J18: 64.305478 | K18: 102 | L18: 52.833333 | M18: 0 | N18: 91 | P18: 0 | Q18: 0 | R18: 0 | S18: =IF(COUNT(T18:V18)=3,T18+U18+V18,"") -> 195 | T18: 35 | U18: 115 | V18: 45 | W18: 1 | X18: 46170.412 | Y18: 46170.548 | Z18: 5 | AA18: 1689.0458
A19: 46171 | B19: P1 | C19: =A19-WEEKDAY(A19,3) -> 46167 | D19: 24675 | E19: 19.511 | F19: 14.861 | G19: 1685 | H19: 235 | I19: 40 | J19: 69.67339 | K19: 179 | M19: 66 | N19: 91 | O19: Running (66 min); Walk/Jog (28 min); Indoor workout (46 min) | P19: 3 | Q19: 140.9 | R19: 1212.4852 | S19: =IF(COUNT(T19:V19)=3,T19+U19+V19,"") -> 343 | T19: 43 | U19: 211 | V19: 89 | W19: 8 | X19: 46170.949 | Y19: 46171.193 | Z19: 0 | AA19: 3369.8269
A20: 46172 | B20: P1 | C20: =A20-WEEKDAY(A20,3) -> 46167 | D20: 9755 | E20: 6.777 | F20: 5.412 | G20: 1220 | H20: 388 | I20: 43 | J20: 73.284003 | K20: 177 | M20: 55 | N20: 91 | O20: Indoor cardio/HIIT (90 min) | P20: 1 | Q20: 89.6 | R20: 878 | S20: =IF(COUNT(T20:V20)=3,T20+U20+V20,"") -> 191 | T20: 33 | U20: 128 | V20: 30 | W20: 6 | X20: 46172.439 | Y20: 46172.576 | Z20: 12 | AA20: 2908.3005
A21: 46173 | B21: P1 | C21: =A21-WEEKDAY(A21,3) -> 46167 | D21: 17695 | E21: 13.017 | F21: 9.951 | G21: 1903 | H21: 219 | I21: 40 | J21: 73.218457 | K21: 180 | L21: 43.37234 | M21: 92 | N21: 91 | O21: Running (21 min); Strength/Gym (31 min); Indoor cardio/HIIT (108 min) | P21: 3 | Q21: 159.11667 | R21: 1676.0763 | S21: =IF(COUNT(T21:V21)=3,T21+U21+V21,"") -> 353 | T21: 65 | U21: 193 | V21: 95 | W21: 4 | X21: 46173.044 | Y21: 46173.292 | Z21: 1 | AA21: 3940.9426
A22: 46174 | B22: P1 | C22: =A22-WEEKDAY(A22,3) -> 46174 | D22: 3570 | E22: 2.427 | F22: 2.021 | G22: 146 | H22: 100 | I22: 40 | J22: 56.786806 | K22: 102 | L22: 46.872727 | M22: 0 | N22: 83 | P22: 0 | Q22: 0 | R22: 0 | S22: =IF(COUNT(T22:V22)=3,T22+U22+V22,"") -> 598 | T22: 91 | U22: 339 | V22: 168 | W22: 12 | X22: 46174.153 | Y22: 46174.576 | Z22: 0 | AA22: 1741.8729
A23: 46175 | B23: P1 | C23: =A23-WEEKDAY(A23,3) -> 46174 | D23: 5128 | E23: 3.345 | F23: 2.949 | G23: 281 | H23: 243 | I23: 40 | J23: 59.336201 | K23: 94 | L23: 43.021739 | M23: 0 | N23: 83 | P23: 0 | Q23: 0 | R23: 0 | S23: =IF(COUNT(T23:V23)=3,T23+U23+V23,"") -> 209 | T23: 66 | U23: 99 | V23: 44 | W23: 4 | X23: 46175.072 | Y23: 46175.219 | Z23: 0 | AA23: 1807.5065
A24: 46176 | B24: P1 | C24: =A24-WEEKDAY(A24,3) -> 46174 | D24: 3426 | E24: 2.284 | F24: 1.954 | G24: 154 | H24: 102 | I24: 40 | J24: 55.980043 | K24: 102 | L24: 47.723005 | M24: 0 | N24: 83 | P24: 0 | Q24: 0 | R24: 0 | S24: =IF(COUNT(T24:V24)=3,T24+U24+V24,"") -> 447 | T24: 81 | U24: 279 | V24: 87 | W24: 2 | X24: 46176.031 | Y24: 46176.343 | Z24: 5 | AA24: 1735.8066
A25: 46177 | B25: P1 | C25: =A25-WEEKDAY(A25,3) -> 46174 | D25: 12506 | E25: 9.141 | F25: 7.263 | G25: 925 | H25: 278 | I25: 40 | J25: 65.658606 | K25: 184 | L25: 42.475949 | M25: 15 | N25: 83 | O25: Walk/Jog (15 min); Indoor workout (71 min) | P25: 2 | Q25: 85.933333 | R25: 498.8929 | S25: =IF(COUNT(T25:V25)=3,T25+U25+V25,"") -> 399 | T25: 68 | U25: 234 | V25: 97 | W25: 8 | X25: 46177.062 | Y25: 46177.345 | Z25: 0 | AA25: 2539.8084
A26: 46178 | B26: P1 | C26: =A26-WEEKDAY(A26,3) -> 46174 | D26: 9240 | E26: 6.724 | F26: 5.196 | G26: 308 | H26: 117 | I26: 42 | J26: 64.96544 | K26: 116 | L26: 51.567568 | M26: 0 | N26: 83 | P26: 0 | Q26: 0 | R26: 0 | S26: =IF(COUNT(T26:V26)=3,T26+U26+V26,"") -> 481 | T26: 71 | U26: 305 | V26: 105 | W26: 8 | X26: 46178.049 | Y26: 46178.389 | Z26: 0 | AA26: 1980.7321
A27: 46179 | B27: P1 | C27: =A27-WEEKDAY(A27,3) -> 46174 | D27: 8915 | E27: 6.157 | F27: 4.82 | G27: 289 | H27: 253 | I27: 43 | J27: 70.363057 | K27: 157 | L27: 50.480186 | M27: 5 | N27: 83 | P27: 0 | Q27: 0 | R27: 0 | S27: =IF(COUNT(T27:V27)=3,T27+U27+V27,"") -> 422 | T27: 94 | U27: 217 | V27: 111 | W27: 6 | X27: 46179.08 | Y27: 46179.377 | Z27: 7 | AA27: 1967.0409
A28: 46180 | B28: P1 | C28: =A28-WEEKDAY(A28,3) -> 46174 | D28: 7774 | E28: 5.14 | F28: 4.351 | G28: 374 | H28: 240 | I28: 44 | J28: 63.476923 | K28: 122 | L28: 52.671196 | M28: 0 | N28: 83 | P28: 0 | Q28: 0 | R28: 0 | S28: =IF(COUNT(T28:V28)=3,T28+U28+V28,"") -> 369 | T28: 61 | U28: 203 | V28: 105 | W28: 3 | X28: 46180.076 | Y28: 46180.335 | Z28: 0 | AA28: 1918.9742
A29: 46181 | B29: P1 | C29: =A29-WEEKDAY(A29,3) -> 46181 | D29: 5739 | E29: 3.911 | F29: 3.05 | G29: 610 | H29: 118 | I29: 40 | J29: 60.59049 | K29: 128 | L29: 48.056856 | M29: 0 | N29: 83 | O29: Strength/Gym (113 min) | P29: 1 | Q29: 113.36667 | R29: 449 | S29: =IF(COUNT(T29:V29)=3,T29+U29+V29,"") -> 294 | T29: 56 | U29: 188 | V29: 50 | W29: 4 | X29: 46181.118 | Y29: 46181.325 | Z29: 0 | AA29: 2296.5
A30: 46182 | B30: P1 | C30: =A30-WEEKDAY(A30,3) -> 46181 | D30: 9947 | E30: 6.969 | F30: 5.4 | G30: 633 | H30: 193 | I30: 40 | J30: 62.403472 | K30: 131 | L30: 46.16443 | M30: 0 | N30: 83 | O30: Strength/Gym (73 min) | P30: 1 | Q30: 72.8 | R30: 359 | S30: =IF(COUNT(T30:V30)=3,T30+U30+V30,"") -> 400 | T30: 79 | U30: 220 | V30: 101 | W30: 8 | X30: 46182.098 | Y30: 46182.381 | Z30: 0 | AA30: 2380.9126
A31: 46183 | B31: P1 | C31: =A31-WEEKDAY(A31,3) -> 46181 | D31: 6419 | E31: 4.383 | F31: 3.474 | G31: 800 | H31: 124 | I31: 44 | J31: 68.387888 | K31: 176 | L31: 48.718391 | M31: 45 | N31: 83 | O31: High-intensity indoor (85) (54 min) | P31: 1 | Q31: 54.483333 | R31: 602 | S31: =IF(COUNT(T31:V31)=3,T31+U31+V31,"") -> 345 | T31: 75 | U31: 199 | V31: 71 | W31: 2 | X31: 46183.11 | Y31: 46183.351 | Z31: 0 | AA31: 2483.0034
A32: 46184 | B32: P1 | C32: =A32-WEEKDAY(A32,3) -> 46181 | D32: 5834 | E32: 3.961 | F32: 3.255 | G32: 700 | H32: 149 | I32: 42 | J32: 63.82028 | K32: 130 | L32: 47.915152 | M32: 0 | N32: 83 | O32: Strength/Gym (105 min) | P32: 1 | Q32: 105.43333 | R32: 531 | S32: =IF(COUNT(T32:V32)=3,T32+U32+V32,"") -> 354 | T32: 92 | U32: 204 | V32: 58 | W32: 4 | X32: 46184.122 | Y32: 46184.371 | Z32: 0 | AA32: 2385.1052
A33: 46185 | B33: P1 | C33: =A33-WEEKDAY(A33,3) -> 46181 | D33: 9563 | E33: 6.649 | F33: 5.322 | G33: 704 | H33: 153 | I33: 44 | J33: 66.240371 | K33: 137 | L33: 49.169903 | M33: 0 | N33: 83 | O33: Indoor workout (73 min) | P33: 1 | Q33: 73.183333 | R33: 436 | S33: =IF(COUNT(T33:V33)=3,T33+U33+V33,"") -> 212 | T33: 52 | U33: 113 | V33: 47 | W33: 13 | X33: 46185.228 | Y33: 46185.384 | Z33: 7 | AA33: 2444.1804
A34: 46186 | B34: P1 | C34: =A34-WEEKDAY(A34,3) -> 46181 | D34: 4859 | E34: 3.266 | F34: 2.647 | G34: 463 | H34: 115 | I34: 40 | J34: 66.30318 | K34: 123 | L34: 49.102222 | M34: 0 | N34: 83 | O34: Strength/Gym (65 min) | P34: 1 | Q34: 65.033333 | R34: 305 | S34: =IF(COUNT(T34:V34)=3,T34+U34+V34,"") -> 457 | T34: 91 | U34: 268 | V34: 98 | W34: 12 | X34: 46186.108 | Y34: 46186.434 | Z34: 0 | AA34: 2110.8569
A35: 46187 | B35: P1 | C35: =A35-WEEKDAY(A35,3) -> 46181 | D35: 17087 | E35: 12.685 | F35: 9.581 | G35: 1705 | H35: 233 | I35: 40 | J35: 71.147235 | K35: 176 | L35: 45.949886 | M35: 104 | N35: 83 | O35: Walk/Jog (38 min); Indoor cardio/HIIT (108 min) | P35: 2 | Q35: 145.93333 | R35: 1350.8743 | S35: =IF(COUNT(T35:V35)=3,T35+U35+V35,"") -> 489 | T35: 128 | U35: 254 | V35: 107 | W35: 9 | X35: 46187.067 | Y35: 46187.412 | Z35: 0 | AA35: 3545.8212
A36: 46188 | B36: P1 | C36: =A36-WEEKDAY(A36,3) -> 46188 | D36: 5810 | E36: 3.971 | F36: 3.259 | G36: 497 | H36: 73 | I36: 45 | J36: 70.65625 | K36: 139 | L36: 50.838798 | M36: 0 | N36: 83 | O36: Strength/Gym (44 min) | P36: 1 | Q36: 44.033333 | R36: 301 | S36: =IF(COUNT(T36:V36)=3,T36+U36+V36,"") -> 360 | T36: 59 | U36: 212 | V36: 89 | W36: 5 | X36: 46188.14 | Y36: 46188.394 | Z36: 5 | AA36: 2146.7926
A37: 46189 | B37: P1 | C37: =A37-WEEKDAY(A37,3) -> 46188 | D37: 5062 | E37: 3.466 | F37: 2.749 | G37: 179 | H37: 107 | I37: 50 | J37: 69.020833 | K37: 117 | L37: 58.545205 | M37: 0 | N37: 83 | P37: 0 | Q37: 0 | R37: 0 | S37: =IF(COUNT(T37:V37)=3,T37+U37+V37,"") -> 392 | T37: 40 | U37: 279 | V37: 73 | W37: 49 | X37: 46189.088 | Y37: 46189.394 | Z37: 1 | AA37: 1804.7261
A38: 46190 | B38: P1 | C38: =A38-WEEKDAY(A38,3) -> 46188 | D38: 16400 | E38: 13.365 | F38: 9.993 | G38: 924 | H38: 181 | I38: 42 | J38: 74.505965 | K38: 180 | L38: 50.316456 | M38: 50 | N38: 83 | O38: Running (51 min) | P38: 1 | Q38: 50.75 | R38: 642.25586 | S38: =IF(COUNT(T38:V38)=3,T38+U38+V38,"") -> 229 | T38: 28 | U38: 144 | V38: 57 | W38: 7 | X38: 46190.033 | Y38: 46190.197 | Z38: 7 | AA38: 2618.6225
A39: 46191 | B39: P1 | C39: =A39-WEEKDAY(A39,3) -> 46188 | D39: 9327 | E39: 6.198 | F39: 5.106 | G39: 1046 | H39: 275 | I39: 42 | J39: 65.088194 | K39: 123 | M39: 0 | N39: 83 | O39: Indoor workout (271 min) | P39: 1 | Q39: 270.9 | R39: 864 | S39: =IF(COUNT(T39:V39)=3,T39+U39+V39,"") -> 375 | T39: 57 | U39: 218 | V39: 100 | W39: 6 | X39: 46191.191 | Y39: 46191.456 | Z39: 0 | AA39: 2875.8257
A40: 46192 | B40: P1 | C40: =A40-WEEKDAY(A40,3) -> 46188 | D40: 9497 | E40: 6.747 | F40: 5.297 | G40: 493 | H40: 163 | I40: 40 | J40: 62.445483 | K40: 133 | L40: 46.311538 | M40: 0 | N40: 83 | O40: Strength/Gym (60 min) | P40: 1 | Q40: 60.05 | R40: 195 | S40: =IF(COUNT(T40:V40)=3,T40+U40+V40,"") -> 338 | T40: 66 | U40: 191 | V40: 81 | W40: 11 | X40: 46192.13 | Y40: 46192.372 | Z40: 0 | AA40: 2192.7492
A41: 46193 | B41: P1 | C41: =A41-WEEKDAY(A41,3) -> 46188 | D41: 8712 | E41: 6.185 | F41: 4.755 | G41: 471 | H41: 152 | I41: 40 | J41: 59.715707 | K41: 114 | L41: 45.920128 | M41: 0 | N41: 83 | O41: Strength/Gym (59 min) | P41: 1 | Q41: 59.283333 | R41: 196 | S41: =IF(COUNT(T41:V41)=3,T41+U41+V41,"") -> 522 | T41: 95 | U41: 302 | V41: 125 | W41: 27 | X41: 46193.155 | Y41: 46193.536 | Z41: 0 | AA41: 2160.7114
A42: 46194 | B42: P1 | C42: =A42-WEEKDAY(A42,3) -> 46188 | D42: 6573 | E42: 4.667 | F42: 3.738 | G42: 528 | H42: 120 | I42: 40 | J42: 64.506076 | K42: 145 | L42: 43.18543 | M42: 1 | N42: 83 | O42: Indoor workout (62 min) | P42: 1 | Q42: 61.716667 | R42: 367 | S42: =IF(COUNT(T42:V42)=3,T42+U42+V42,"") -> 212 | T42: 22 | U42: 132 | V42: 58 | W42: 0 | X42: 46194.127 | Y42: 46194.274 | Z42: 11 | AA42: 2247.0306
A43: 46195 | B43: P1 | C43: =A43-WEEKDAY(A43,3) -> 46195 | D43: 6034 | E43: 4.138 | F43: 3.321 | G43: 492 | H43: 142 | I43: 40 | J43: 58.178488 | K43: 116 | L43: 45.882075 | M43: 0 | N43: 83 | O43: Strength/Gym (69 min) | P43: 1 | Q43: 68.583333 | R43: 259 | S43: =IF(COUNT(T43:V43)=3,T43+U43+V43,"") -> 383 | T43: 96 | U43: 235 | V43: 52 | W43: 44 | X43: 46195.099 | Y43: 46195.395 | Z43: 1 | AA43: 2112.8957
A44: 46196 | B44: P1 | C44: =A44-WEEKDAY(A44,3) -> 46195 | D44: 7021 | E44: 4.968 | F44: 3.932 | G44: 256 | H44: 97 | I44: 48 | J44: 65.160279 | K44: 108 | L44: 56.742466 | M44: 0 | N44: 83 | P44: 0 | Q44: 0 | R44: 0 | S44: =IF(COUNT(T44:V44)=3,T44+U44+V44,"") -> 374 | T44: 60 | U44: 212 | V44: 102 | W44: 9 | X44: 46196.142 | Y44: 46196.408 | Z44: 0 | AA44: 1887.2526
A45: 46197 | B45: P1 | C45: =A45-WEEKDAY(A45,3) -> 46195 | D45: 10599 | E45: 7.616 | F45: 5.957 | G45: 948 | H45: 197 | I45: 40 | J45: 60.367177 | K45: 135 | L45: 44.233596 | M45: 0 | N45: 83 | O45: Strength/Gym (52 min) | P45: 1 | Q45: 52.083333 | R45: 288 | S45: =IF(COUNT(T45:V45)=3,T45+U45+V45,"") -> 452 | T45: 56 | U45: 262 | V45: 134 | W45: 6 | X45: 46197.124 | Y45: 46197.442 | Z45: 0 | AA45: 2335.1254
A46: 46198 | B46: P1 | C46: =A46-WEEKDAY(A46,3) -> 46195 | D46: 10541 | E46: 8.017 | F46: 6.357 | G46: 1018 | H46: 139 | I46: 40 | J46: 68.084885 | K46: 187 | L46: 45.754386 | M46: 34 | N46: 83 | O46: Strength/Gym (0 min); Running (59 min) | P46: 2 | Q46: 59.2 | R46: 10.659284 | S46: =IF(COUNT(T46:V46)=3,T46+U46+V46,"") -> 300 | T46: 69 | U46: 163 | V46: 68 | W46: 9 | X46: 46198.17 | Y46: 46198.385 | Z46: 0 | AA46: 2044.2098
A47: 46199 | B47: P1 | C47: =A47-WEEKDAY(A47,3) -> 46195 | D47: 3029 | E47: 1.986 | F47: 1.75 | G47: 391 | H47: 100 | I47: 41 | J47: 62.842327 | K47: 125 | L47: 49.831715 | M47: 0 | N47: 83 | O47: Strength/Gym (67 min) | P47: 1 | Q47: 66.9 | R47: 266 | S47: =IF(COUNT(T47:V47)=3,T47+U47+V47,"") -> 430 | T47: 76 | U47: 260 | V47: 94 | W47: 11 | X47: 46199.149 | Y47: 46199.455 | Z47: 7 | AA47: 1993.5267
A48: 46200 | B48: P1 | C48: =A48-WEEKDAY(A48,3) -> 46195 | D48: 14436 | E48: 10.369 | F48: 7.94 | G48: 1460 | H48: 107 | I48: 53 | J48: 85.673611 | K48: 180 | L48: 61.486239 | M48: 92 | N48: 83 | O48: Indoor cardio/HIIT (105 min) | P48: 1 | Q48: 105.4 | R48: 1182 | S48: =IF(COUNT(T48:V48)=3,T48+U48+V48,"") -> 214 | T48: 55 | U48: 115 | V48: 44 | W48: 3 | X48: 46200.252 | Y48: 46200.403 | Z48: 0 | AA48: 3419.1471
A49: 46201 | B49: P1 | C49: =A49-WEEKDAY(A49,3) -> 46195 | D49: 9646 | E49: 7.571 | F49: 5.876 | G49: 976 | H49: 165 | I49: 44 | J49: 72.604552 | K49: 190 | M49: 33 | N49: 83 | O49: Running (31 min); Indoor workout (30 min) | P49: 2 | Q49: 60.633333 | R49: 609.78339 | S49: =IF(COUNT(T49:V49)=3,T49+U49+V49,"") -> 282 | T49: 60 | U49: 177 | V49: 45 | W49: 2 | X49: 46201.059 | Y49: 46201.256 | Z49: 9 | AA49: 2426.8947
A50: 46202 | B50: P1 | C50: =A50-WEEKDAY(A50,3) -> 46202 | D50: 4663 | E50: 3.122 | F50: 2.573 | G50: 173 | H50: 74 | I50: 46 | J50: 66.25 | K50: 114 | L50: 62.81383 | M50: 0 | N50: 83 | P50: 0 | Q50: 0 | R50: 0 | S50: =IF(COUNT(T50:V50)=3,T50+U50+V50,"") -> 423 | T50: 83 | U50: 251 | V50: 89 | W50: 33 | X50: 46202.126 | Y50: 46202.442 | Z50: 3 | AA50: 1787.9175
A51: 46203 | B51: P1 | C51: =A51-WEEKDAY(A51,3) -> 46202 | D51: 4398 | E51: 3.017 | F51: 2.502 | G51: 359 | H51: 118 | I51: 41 | J51: 59.984989 | K51: 116 | L51: 47.163017 | M51: 0 | N51: 83 | O51: Strength/Gym (48 min) | P51: 1 | Q51: 48.35 | R51: 213 | S51: =IF(COUNT(T51:V51)=3,T51+U51+V51,"") -> 421 | T51: 63 | U51: 270 | V51: 88 | W51: 10 | X51: 46203.111 | Y51: 46203.41 | Z51: 1 | AA51: 1996.5158
A52: 46204 | B52: P1 | C52: =A52-WEEKDAY(A52,3) -> 46202 | D52: 21941 | E52: 18.509 | F52: 13.855 | G52: 1485 | H52: 233 | I52: 42 | J52: 70.332175 | K52: 168 | L52: 45.470588 | M52: 102 | N52: 80 | O52: Running (104 min) | P52: 1 | Q52: 104.06667 | R52: 1257.4802 | S52: =IF(COUNT(T52:V52)=3,T52+U52+V52,"") -> 231 | T52: 59 | U52: 125 | V52: 47 | W52: 3 | X52: 46204.007 | Y52: 46204.169 | Z52: 6 | AA52: 3188.9458
A53: 46205 | B53: P1 | C53: =A53-WEEKDAY(A53,3) -> 46202 | D53: 3909 | E53: 2.678 | F53: 2.201 | G53: 321 | H53: 104 | I53: 41 | J53: 62.038322 | K53: 120 | L53: 49.542056 | M53: 0 | N53: 80 | O53: Strength/Gym (37 min) | P53: 1 | Q53: 36.7 | R53: 179 | S53: =IF(COUNT(T53:V53)=3,T53+U53+V53,"") -> 417 | T53: 75 | U53: 227 | V53: 115 | W53: 9 | X53: 46205.095 | Y53: 46205.391 | Z53: 0 | AA53: 1940.8364
A54: 46206 | B54: P1 | C54: =A54-WEEKDAY(A54,3) -> 46202 | D54: 1833 | E54: 1.207 | F54: 1.02 | G54: 95 | H54: 486 | I54: 41 | J54: 57.228193 | K54: 108 | L54: 46.63145 | M54: 0 | N54: 80 | P54: 0 | Q54: 0 | R54: 0 | S54: =IF(COUNT(T54:V54)=3,T54+U54+V54,"") -> 476 | T54: 72 | U54: 292 | V54: 112 | W54: 12 | X54: 46206.108 | Y54: 46206.447 | Z54: 7 | AA54: 1668.6985
A55: 46207 | B55: P1 | C55: =A55-WEEKDAY(A55,3) -> 46202 | D55: 2064 | E55: 1.415 | F55: 1.227 | G55: 102 | H55: 69 | I55: 40 | J55: 61.259207 | K55: 121 | L55: 44.588496 | M55: 0 | N55: 80 | P55: 0 | Q55: 0 | R55: 0 | S55: =IF(COUNT(T55:V55)=3,T55+U55+V55,"") -> 331 | T55: 54 | U55: 185 | V55: 92 | W55: 5 | X55: 46207.29 | Y55: 46207.524 | Z55: 9 | AA55: 1678.4298
A56: 46208 | B56: P1 | C56: =A56-WEEKDAY(A56,3) -> 46202 | D56: 23910 | E56: 21.305 | F56: 15.844 | G56: 1941 | H56: 258 | I56: 41 | J56: 77.564528 | K56: 175 | M56: 134 | N56: 80 | O56: Running (136 min) | P56: 1 | Q56: 136.43333 | R56: 1791.5903 | S56: =IF(COUNT(T56:V56)=3,T56+U56+V56,"") -> 205 | T56: 33 | U56: 129 | V56: 43 | W56: 234 | X56: 46207.874 | Y56: 46208.178 | Z56: 9 | AA56: 3586.327
A57: 46209 | B57: P1 | C57: =A57-WEEKDAY(A57,3) -> 46209 | D57: 2670 | E57: 1.761 | F57: 1.542 | G57: 391 | H57: 65 | I57: 40 | J57: 60.564698 | K57: 119 | L57: 50.111111 | M57: 0 | N57: 80 | O57: Strength/Gym (77 min) | P57: 1 | Q57: 76.683333 | R57: 300 | S57: =IF(COUNT(T57:V57)=3,T57+U57+V57,"") -> 550 | T57: 79 | U57: 295 | V57: 176 | W57: 7 | X57: 46209.128 | Y57: 46209.515 | Z57: 0 | AA57: 2013.4825
A58: 46210 | B58: P1 | C58: =A58-WEEKDAY(A58,3) -> 46209 | D58: 2535 | E58: 1.747 | F58: 1.445 | G58: 122 | H58: 43 | I58: 44 | J58: 59.344235 | K58: 116 | L58: 48.990148 | M58: 0 | N58: 80 | P58: 0 | Q58: 0 | R58: 0 | S58: =IF(COUNT(T58:V58)=3,T58+U58+V58,"") -> 401 | T58: 59 | U58: 248 | V58: 94 | W58: 4 | X58: 46210.159 | Y58: 46210.44 | Z58: 0 | AA58: 1698.2716
A59: 46211 | B59: P1 | C59: =A59-WEEKDAY(A59,3) -> 46209 | D59: 9899 | E59: 6.993 | F59: 5.439 | G59: 620 | H59: 131 | I59: 43 | J59: 61.338194 | K59: 128 | L59: 46.558025 | M59: 0 | N59: 80 | O59: Strength/Gym (60 min) | P59: 1 | Q59: 60.083333 | R59: 291 | S59: =IF(COUNT(T59:V59)=3,T59+U59+V59,"") -> 516 | T59: 94 | U59: 295 | V59: 127 | W59: 11 | X59: 46211.11 | Y59: 46211.476 | Z59: 0 | AA59: 2308.7318
A60: 46212 | B60: P1 | C60: =A60-WEEKDAY(A60,3) -> 46209 | D60: 6074 | E60: 4.213 | F60: 3.353 | G60: 224 | H60: 131 | I60: 40 | J60: 56.87257 | K60: 128 | L60: 43.213033 | M60: 0 | N60: 80 | P60: 0 | Q60: 0 | R60: 0 | S60: =IF(COUNT(T60:V60)=3,T60+U60+V60,"") -> 404 | T60: 63 | U60: 253 | V60: 88 | W60: 6 | X60: 46212.146 | Y60: 46212.431 | Z60: 0 | AA60: 1847.3585
A61: 46213 | B61: P1 | C61: =A61-WEEKDAY(A61,3) -> 46209 | D61: 9878 | E61: 7.046 | F61: 5.461 | G61: 555 | H61: 208 | I61: 43 | J61: 62.1398 | K61: 121 | L61: 47.362538 | M61: 0 | N61: 80 | O61: Strength/Gym (49 min) | P61: 1 | Q61: 49.316667 | R61: 247 | S61: =IF(COUNT(T61:V61)=3,T61+U61+V61,"") -> 347 | T61: 76 | U61: 173 | V61: 98 | W61: 10 | X61: 46213.201 | Y61: 46213.449 | Z61: 0 | AA61: 2262.4503
A62: 46214 | B62: P1 | C62: =A62-WEEKDAY(A62,3) -> 46209 | D62: 4768 | E62: 3.288 | F62: 2.623 | G62: 390 | H62: 74 | I62: 40 | J62: 63.156477 | K62: 127 | L62: 46.772414 | M62: 0 | N62: 80 | O62: Strength/Gym (73 min) | P62: 1 | Q62: 73.35 | R62: 227 | S62: =IF(COUNT(T62:V62)=3,T62+U62+V62,"") -> 436 | T62: 58 | U62: 280 | V62: 98 | W62: 5 | X62: 46214.247 | Y62: 46214.553 | Z62: 0 | AA62: 2026.5472
A63: 46215 | B63: P1 | C63: =A63-WEEKDAY(A63,3) -> 46209 | D63: 2319 | E63: 1.542 | F63: 1.323 | G63: 132 | H63: 49 | I63: 42 | J63: 57.766667 | K63: 101 | L63: 50.032407 | M63: 0 | N63: 80 | P63: 0 | Q63: 0 | R63: 0 | S63: =IF(COUNT(T63:V63)=3,T63+U63+V63,"") -> 466 | T63: 61 | U63: 276 | V63: 129 | W63: 84 | X63: 46215.403 | Y63: 46215.785 | Z63: 0 | AA63: 1689.1722
A64: 46216 | B64: P1 | C64: =A64-WEEKDAY(A64,3) -> 46216 | D64: 6781 | E64: 4.839 | F64: 3.822 | G64: 465 | H64: 108 | I64: 40 | J64: 56.850735 | K64: 132 | L64: 43.73516 | M64: 0 | N64: 80 | O64: Strength/Gym (48 min) | P64: 1 | Q64: 48.35 | R64: 252 | S64: =IF(COUNT(T64:V64)=3,T64+U64+V64,"") -> 502 | T64: 99 | U64: 263 | V64: 140 | W64: 2 | X64: 46216.21 | Y64: 46216.56 | Z64: 0 | AA64: 2137.1422
A65: 46217 | B65: P1 | C65: =A65-WEEKDAY(A65,3) -> 46216 | D65: 3303 | E65: 2.207 | F65: 1.862 | G65: 448 | H65: 134 | I65: 40 | J65: 58.607719 | K65: 136 | L65: 44.120654 | M65: 0 | N65: 80 | O65: Strength/Gym (68 min) | P65: 1 | Q65: 68.25 | R65: 325 | S65: =IF(COUNT(T65:V65)=3,T65+U65+V65,"") -> 492 | T65: 59 | U65: 271 | V65: 162 | W65: 49 | X65: 46217.204 | Y65: 46217.58 | Z65: 7 | AA65: 2065.9425
A66: 46218 | B66: P1 | C66: =A66-WEEKDAY(A66,3) -> 46216 | D66: 3084 | E66: 2.065 | F66: 1.709 | G66: 129 | H66: 67 | I66: 44 | J66: 63.156294 | K66: 113 | L66: 54.581545 | M66: 0 | N66: 80 | P66: 0 | Q66: 0 | R66: 0 | S66: =IF(COUNT(T66:V66)=3,T66+U66+V66,"") -> 463 | T66: 95 | U66: 249 | V66: 119 | W66: 3 | X66: 46218.256 | Y66: 46218.58 | Z66: 0 | AA66: 1721.3992
A67: 46219 | B67: P1 | C67: =A67-WEEKDAY(A67,3) -> 46216 | D67: 3321 | E67: 2.199 | F67: 1.866 | G67: 476 | H67: 93 | I67: 44 | J67: 64.4189 | K67: 134 | L67: 49.48227 | M67: 0 | N67: 80 | O67: Strength/Gym (71 min) | P67: 1 | Q67: 70.983333 | R67: 365 | S67: =IF(COUNT(T67:V67)=3,T67+U67+V67,"") -> 492 | T67: 80 | U67: 300 | V67: 112 | W67: 8 | X67: 46219.202 | Y67: 46219.549 | Z67: 0 | AA67: 2107.9706
A68: 46220 | B68: P1 | C68: =A68-WEEKDAY(A68,3) -> 46216 | D68: 13579 | E68: 10.993 | F68: 8.401 | G68: 910 | H68: 258 | I68: 43 | J68: 71.216718 | K68: 184 | L68: 48.082474 | M68: 60 | N68: 80 | O68: Running (11 min); Indoor workout (48 min) | P68: 2 | Q68: 58.95 | R68: 375.25957 | S68: =IF(COUNT(T68:V68)=3,T68+U68+V68,"") -> 232 | T68: 56 | U68: 144 | V68: 32 | W68: 7 | X68: 46220.103 | Y68: 46220.269 | Z68: 17 | AA68: 2495.6072
A69: 46221 | B69: P1 | C69: =A69-WEEKDAY(A69,3) -> 46216 | D69: 10786 | E69: 7.634 | F69: 6.095 | G69: 1330 | H69: 182 | I69: 41 | J69: 70.28691 | K69: 180 | L69: 47.27957 | M69: 86 | N69: 80 | O69: Indoor cardio/HIIT (94 min) | P69: 1 | Q69: 94.25 | R69: 1123 | S69: =IF(COUNT(T69:V69)=3,T69+U69+V69,"") -> 386 | T69: 53 | U69: 235 | V69: 98 | W69: 6 | X69: 46221.204 | Y69: 46221.476 | Z69: 0 | AA69: 3204.511
A70: 46222 | B70: P1 | C70: =A70-WEEKDAY(A70,3) -> 46216 | D70: 3555 | E70: 2.448 | F70: 2.138 | G70: 173 | H70: 96 | I70: 43 | J70: 63.143077 | K70: 121 | L70: 49.750643 | M70: 0 | N70: 80 | P70: 0 | Q70: 0 | R70: 0 | S70: =IF(COUNT(T70:V70)=3,T70+U70+V70,"") -> 517 | T70: 61 | U70: 333 | V70: 123 | W70: 8 | X70: 46222.206 | Y70: 46222.571 | Z70: 0 | AA70: 1741.241
A71: 46223 | B71: P1 | C71: =A71-WEEKDAY(A71,3) -> 46223 | D71: 5378 | E71: 3.539 | F71: 2.954 | G71: 397 | H71: 135 | I71: 45 | J71: 71.957271 | K71: 122 | M71: 0 | N71: 80 | O71: Indoor workout (32 min) | P71: 1 | Q71: 31.5 | R71: 171 | S71: =IF(COUNT(T71:V71)=3,T71+U71+V71,"") -> 172 | T71: 62 | U71: 91 | V71: 19 | W71: 5 | X71: 46223.585 | Y71: 46223.708 | Z71: 0 | AA71: 1982.0672
A72: 46224 | B72: P2 | C72: =A72-WEEKDAY(A72,3) -> 46223 | D72: 4509 | E72: 3.025 | F72: 2.53 | G72: 456 | H72: 150 | I72: 40 | J72: 57.63554 | K72: 116 | M72: 0 | N72: 80 | O72: Strength/Gym (64 min) | P72: 1 | Q72: 64.15 | R72: 295 | S72: =IF(COUNT(T72:V72)=3,T72+U72+V72,"") -> 449 | T72: 60 | U72: 287 | V72: 102 | W72: 9 | X72: 46223.974 | Y72: 46224.292 | Z72: 11 | AA72: 2092.4351
A73: 46225 | B73: P2 | C73: =A73-WEEKDAY(A73,3) -> 46223 | D73: 9131 | E73: 6.343 | F73: 4.969 | G73: 1123 | H73: 164 | I73: 41 | J73: 63.377358 | K73: 175 | L73: 44.970387 | M73: 54 | N73: 80 | O73: Strength/Gym (54 min); Indoor cardio/HIIT (63 min) | P73: 2 | Q73: 116.45 | R73: 954 | S73: =IF(COUNT(T73:V73)=3,T73+U73+V73,"") -> 432 | T73: 64 | U73: 292 | V73: 76 | W73: 6 | X73: 46224.985 | Y73: 46225.289 | Z73: 7 | AA73: 2962.5517
A74: 46226 | B74: P2 | C74: =A74-WEEKDAY(A74,3) -> 46223 | D74: 8137 | E74: 5.853 | F74: 4.506 | G74: 256 | H74: 158 | I74: 40 | J74: 55.582026 | K74: 106 | L74: 44.81337 | M74: 0 | N74: 80 | P74: 0 | Q74: 0 | R74: 0 | S74: =IF(COUNT(T74:V74)=3,T74+U74+V74,"") -> 342 | T74: 40 | U74: 221 | V74: 81 | W74: 16 | X74: 46226.012 | Y74: 46226.261 | Z74: 5 | AA74: 1963.1493
A75: 46227 | B75: P2 | C75: =A75-WEEKDAY(A75,3) -> 46223 | D75: 3750 | E75: 2.531 | F75: 2.015 | G75: 141 | H75: 67 | I75: 40 | J75: 55.233997 | K75: 118 | L75: 43.573574 | M75: 0 | N75: 80 | P75: 0 | Q75: 0 | R75: 0 | S75: =IF(COUNT(T75:V75)=3,T75+U75+V75,"") -> 310 | T75: 67 | U75: 197 | V75: 46 | W75: 28 | X75: 46227.028 | Y75: 46227.262 | Z75: 15 | AA75: 1762.7667
A76: 46228 | B76: P2 | C76: =A76-WEEKDAY(A76,3) -> 46223 | D76: 11226 | E76: 7.748 | F76: 6.014 | G76: 1310 | H76: 140 | I76: 41 | J76: 65.66363 | K76: 184 | L76: 45.579592 | M76: 89 | N76: 80 | O76: Indoor cardio/HIIT (51 min); Indoor cardio/HIIT (48 min) | P76: 2 | Q76: 99.033333 | R76: 1156 | S76: =IF(COUNT(T76:V76)=3,T76+U76+V76,"") -> 410 | T76: 59 | U76: 252 | V76: 99 | W76: 9 | X76: 46228.092 | Y76: 46228.383 | Z76: 5 | AA76: 3260.2439
A77: 46229 | B77: P2 | C77: =A77-WEEKDAY(A77,3) -> 46223 | D77: 10247 | E77: 7.564 | F77: 5.664 | G77: 302 | H77: 96 | I77: 41 | J77: 55.305285 | K77: 99 | L77: 48.80654 | M77: 0 | N77: 80 | P77: 0 | Q77: 0 | R77: 0 | S77: =IF(COUNT(T77:V77)=3,T77+U77+V77,"") -> 528 | T77: 109 | U77: 290 | V77: 129 | W77: 7 | X77: 46229.127 | Y77: 46229.499 | Z77: 0 | AA77: 2059.5266
A78: 46230 | B78: P2 | C78: =A78-WEEKDAY(A78,3) -> 46230 | D78: 5250 | E78: 3.471 | F78: 2.934 | G78: 525 | H78: 152 | I78: 40 | J78: 58.96781 | K78: 147 | L78: 42.932642 | M78: 2 | N78: 80 | O78: Strength/Gym (56 min) | P78: 1 | Q78: 55.9 | R78: 339 | S78: =IF(COUNT(T78:V78)=3,T78+U78+V78,"") -> 387 | T78: 64 | U78: 214 | V78: 109 | W78: 1 | X78: 46229.997 | Y78: 46230.266 | Z78: 11 | AA78: 2170.2814
A79: 46231 | B79: P2 | C79: =A79-WEEKDAY(A79,3) -> 46230 | D79: 4134 | E79: 2.799 | F79: 2.252 | G79: 172 | H79: 104 | I79: 41 | J79: 56.823488 | K79: 114 | L79: 46.813505 | M79: 0 | N79: 80 | P79: 0 | Q79: 0 | R79: 0 | S79: =IF(COUNT(T79:V79)=3,T79+U79+V79,"") -> 406 | T79: 75 | U79: 249 | V79: 82 | W79: 4 | X79: 46231.05 | Y79: 46231.335 | Z79: 7 | AA79: 1780.3065
A80: 46232 | B80: P2 | C80: =A80-WEEKDAY(A80,3) -> 46230 | D80: 17437 | E80: 12.984 | F80: 9.983 | G80: 2103 | H80: 339 | I80: 42 | J80: 78.498888 | K80: 182 | L80: 49.588889 | M80: 119 | N80: 80 | O80: Running (21 min); Strength/Gym (57 min); Indoor cardio/HIIT (114 min) | P80: 3 | Q80: 191.26667 | R80: 1807.6647 | S80: =IF(COUNT(T80:V80)=3,T80+U80+V80,"") -> 176 | T80: 59 | U80: 82 | V80: 35 | W80: 3 | X80: 46232.053 | Y80: 46232.177 | Z80: 5 | AA80: 4020.8165
A81: 46233 | B81: P2 | C81: =A81-WEEKDAY(A81,3) -> 46230 | D81: 7373 | E81: 5.323 | F81: 4.242 | G81: 445 | H81: 158 | I81: 44 | J81: 60.414753 | K81: 127 | L81: 52.167598 | M81: 0 | N81: 80 | O81: Strength/Gym (18 min); Walk/Jog (27 min) | P81: 2 | Q81: 45.05 | R81: 259.30371 | S81: =IF(COUNT(T81:V81)=3,T81+U81+V81,"") -> 382 | T81: 58 | U81: 222 | V81: 102 | W81: 2 | X81: 46233.019 | Y81: 46233.286 | Z81: 9 | AA81: 2065.4478
A82: 46234 | B82: P2 | C82: =A82-WEEKDAY(A82,3) -> 46230 | D82: 10736 | E82: 7.451 | F82: 5.841 | G82: 1051 | H82: 187 | I82: 42 | J82: 64.248753 | K82: 168 | L82: 46.966184 | M82: 42 | N82: 80 | O82: Strength/Gym (68 min); Indoor cardio/HIIT (55 min) | P82: 2 | Q82: 122.98333 | R82: 808 | S82: =IF(COUNT(T82:V82)=3,T82+U82+V82,"") -> 198 | T82: 50 | U82: 121 | V82: 27 | W82: 8 | X82: 46234.127 | Y82: 46234.27 | Z82: 11 | AA82: 2889.8624
A83: 46235 | B83: P2 | C83: =A83-WEEKDAY(A83,3) -> 46230 | D83: 6141 | E83: 4.108 | F83: 3.254 | G83: 219 | H83: 129 | I83: 43 | J83: 60.69382 | K83: 114 | L83: 48.605505 | M83: 0 | N83: 81 | P83: 0 | Q83: 0 | R83: 0 | S83: =IF(COUNT(T83:V83)=3,T83+U83+V83,"") -> 193 | T83: 31 | U83: 111 | V83: 51 | W83: 39 | X83: 46235.194 | Y83: 46235.356 | Z83: 11 | AA83: 1871.9791
A84: 46236 | B84: P2 | C84: =A84-WEEKDAY(A84,3) -> 46230 | D84: 12759 | E84: 9.82 | F84: 7.812 | G84: 558 | H84: 190 | I84: 40 | J84: 65.040616 | K84: 185 | L84: 45.482759 | M84: 24 | N84: 81 | P84: 0 | Q84: 0 | R84: 0 | S84: =IF(COUNT(T84:V84)=3,T84+U84+V84,"") -> 304 | T84: 83 | U84: 145 | V84: 76 | W84: 4 | X84: 46236.06 | Y84: 46236.274 | Z84: 9 | AA84: 2174.2659
A85: 46237 | B85: P2 | C85: =A85-WEEKDAY(A85,3) -> 46237 | D85: 4789 | E85: 3.206 | F85: 2.626 | G85: 174 | H85: 329 | I85: 41 | J85: 64.25 | K85: 122 | L85: 49.018797 | M85: 0 | N85: 81 | P85: 0 | Q85: 0 | R85: 0 | S85: =IF(COUNT(T85:V85)=3,T85+U85+V85,"") -> 326 | T85: 89 | U85: 177 | V85: 60 | W85: 8 | X85: 46237.09 | Y85: 46237.322 | Z85: 15 | AA85: 1810.2245
A86: 46238 | B86: P2 | C86: =A86-WEEKDAY(A86,3) -> 46237 | D86: 434 | E86: 0.283 | F86: 0.231 | G86: 40 | H86: 19 | I86: 40 | J86: 70.071788 | K86: 110 | M86: 0 | N86: 81 | P86: 0 | Q86: 0 | R86: 0 | S86: =IF(COUNT(T86:V86)=3,T86+U86+V86,"") -> 156 | T86: 27 | U86: 95 | V86: 34 | W86: 23 | X86: 46238.485 | Y86: 46238.609 | Z86: 9 | AA86: 1611.3036
A87: 46239 | B87: P2 | C87: =A87-WEEKDAY(A87,3) -> 46237 | D87: 5798 | E87: 4.268 | F87: 3.19 | G87: 178 | H87: 53 | I87: 40 | J87: 55.554704 | K87: 107 | L87: 48.552632 | M87: 0 | N87: 81 | P87: 0 | Q87: 0 | R87: 0 | S87: =IF(COUNT(T87:V87)=3,T87+U87+V87,"") -> 608 | T87: 91 | U87: 387 | V87: 130 | W87: 5 | X87: 46238.946 | Y87: 46239.372 | Z87: 17 | AA87: 1856.3121
A88: 46240 | B88: P2 | C88: =A88-WEEKDAY(A88,3) -> 46237 | D88: 5018 | E88: 3.337 | F88: 2.758 | G88: 283 | H88: 147 | I88: 40 | J88: 57.634424 | K88: 106 | L88: 45.408163 | M88: 0 | N88: 81 | O88: Strength/Gym (41 min) | P88: 1 | Q88: 40.8 | R88: 116 | S88: =IF(COUNT(T88:V88)=3,T88+U88+V88,"") -> 339 | T88: 71 | U88: 196 | V88: 72 | W88: 5 | X88: 46240.015 | Y88: 46240.253 | Z88: 7 | AA88: 1936.6844
A89: 46241 | B89: P2 | C89: =A89-WEEKDAY(A89,3) -> 46237 | D89: 9180 | E89: 6.379 | F89: 4.984 | G89: 751 | H89: 139 | I89: 40 | J89: 62.026677 | K89: 164 | L89: 45.386628 | M89: 42 | N89: 81 | O89: Indoor cardio/HIIT (51 min) | P89: 1 | Q89: 50.783333 | R89: 547 | S89: =IF(COUNT(T89:V89)=3,T89+U89+V89,"") -> 411 | T89: 68 | U89: 242 | V89: 101 | W89: 5 | X89: 46240.992 | Y89: 46241.281 | Z89: 0 | AA89: 2557.7898
A90: 46242 | B90: P2 | C90: =A90-WEEKDAY(A90,3) -> 46237 | D90: 16043 | E90: 11.807 | F90: 9.056 | G90: 1582 | H90: 277 | I90: 42 | J90: 67.620813 | K90: 164 | L90: 45.589474 | M90: 77 | N90: 81 | O90: Running (50 min); Indoor cardio/HIIT (103 min) | P90: 2 | Q90: 153.23333 | R90: 1314.603 | S90: =IF(COUNT(T90:V90)=3,T90+U90+V90,"") -> 278 | T90: 53 | U90: 161 | V90: 64 | W90: 6 | X90: 46242.024 | Y90: 46242.222 | Z90: 13 | AA90: 3435.9799
A91: 46243 | B91: P2 | C91: =A91-WEEKDAY(A91,3) -> 46237 | D91: 7391 | E91: 5.141 | F91: 4.143 | G91: 1774 | H91: 333 | I91: 41 | J91: 70.440278 | K91: 180 | L91: 44.932642 | M91: 35 | N91: 81 | O91: Cycling (76 min); High-intensity indoor (85) (13 min); High-intensity indoor (85) (10 min) | P91: 3 | Q91: 98.433333 | R91: 745.6817 | S91: =IF(COUNT(T91:V91)=3,T91+U91+V91,"") -> 375 | T91: 70 | U91: 237 | V91: 68 | W91: 5 | X91: 46243.088 | Y91: 46243.351 | Z91: 7 | AA91: 2674.7564
A92: 46244 | B92: P2 | C92: =A92-WEEKDAY(A92,3) -> 46244 | D92: 6160 | E92: 4.073 | F92: 3.34 | G92: 332 | H92: 274 | I92: 42 | J92: 59.411383 | K92: 111 | L92: 46.154362 | M92: 0 | N92: 81 | O92: Strength/Gym (42 min) | P92: 1 | Q92: 42.466667 | R92: 102 | S92: =IF(COUNT(T92:V92)=3,T92+U92+V92,"") -> 293 | T92: 46 | U92: 167 | V92: 80 | W92: 9 | X92: 46244.084 | Y92: 46244.294 | Z92: 7 | AA92: 1974.847
A93: 46245 | B93: P2 | C93: =A93-WEEKDAY(A93,3) -> 46244 | D93: 4882 | E93: 3.32 | F93: 2.728 | G93: 342 | H93: 143 | I93: 41 | J93: 56.387769 | K93: 130 | L93: 47.844371 | M93: 0 | N93: 81 | O93: Strength/Gym (48 min) | P93: 1 | Q93: 47.516667 | R93: 163 | S93: =IF(COUNT(T93:V93)=3,T93+U93+V93,"") -> 361 | T93: 65 | U93: 213 | V93: 83 | W93: 8 | X93: 46245.047 | Y93: 46245.303 | Z93: 7 | AA93: 1977.4724
A94: 46246 | B94: P2 | C94: =A94-WEEKDAY(A94,3) -> 46244 | D94: 12676 | E94: 9.624 | F94: 7.692 | G94: 1288 | H94: 200 | I94: 40 | J94: 65.445552 | K94: 176 | L94: 44.220544 | M94: 74 | N94: 81 | O94: Walk/Jog (51 min); Indoor cardio/HIIT (50 min) | P94: 2 | Q94: 101.28333 | R94: 958.21481 | S94: =IF(COUNT(T94:V94)=3,T94+U94+V94,"") -> 357 | T94: 72 | U94: 213 | V94: 72 | W94: 8 | X94: 46246.073 | Y94: 46246.326 | Z94: 1 | AA94: 2909.9298
A95: 46247 | B95: P2 | C95: =A95-WEEKDAY(A95,3) -> 46244 | D95: 4764 | E95: 3.165 | F95: 2.596 | G95: 364 | H95: 149 | I95: 41 | J95: 55.243919 | K95: 109 | L95: 44.959375 | M95: 0 | N95: 81 | O95: Strength/Gym (62 min) | P95: 1 | Q95: 62.4 | R95: 219 | S95: =IF(COUNT(T95:V95)=3,T95+U95+V95,"") -> 401 | T95: 71 | U95: 259 | V95: 71 | W95: 13 | X95: 46247.007 | Y95: 46247.294 | Z95: 11 | AA95: 2028.0826
A96: 46248 | B96: P2 | C96: =A96-WEEKDAY(A96,3) -> 46244 | D96: 10768 | E96: 7.378 | F96: 5.799 | G96: 1382 | H96: 234 | I96: 40 | J96: 69.057816 | K96: 168 | L96: 44.565934 | M96: 51 | N96: 81 | O96: Strength/Gym (76 min); Indoor cardio/HIIT (71 min) | P96: 2 | Q96: 147.33333 | R96: 1179 | S96: =IF(COUNT(T96:V96)=3,T96+U96+V96,"") -> 358 | T96: 42 | U96: 209 | V96: 107 | W96: 5 | X96: 46248.04 | Y96: 46248.292 | Z96: 0 | AA96: 3262.324
A97: 46249 | B97: P2 | C97: =A97-WEEKDAY(A97,3) -> 46244 | D97: 1072 | E97: 0.7 | F97: 0.542 | G97: 59 | H97: 71 | I97: 47 | J97: 61.740203 | K97: 102 | L97: 56.4573 | M97: 0 | N97: 81 | P97: 0 | Q97: 0 | R97: 0 | S97: =IF(COUNT(T97:V97)=3,T97+U97+V97,"") -> 573 | T97: 60 | U97: 417 | V97: 96 | W97: 38 | X97: 46248.998 | Y97: 46249.422 | Z97: 13 | AA97: 1640.4452
A98: 46250 | B98: P2 | C98: =A98-WEEKDAY(A98,3) -> 46244 | D98: 5390 | E98: 3.835 | F98: 2.984 | G98: 188 | H98: 124 | I98: 49 | J98: 65.458832 | K98: 104 | L98: 56.958791 | M98: 0 | N98: 81 | P98: 0 | Q98: 0 | R98: 0 | S98: =IF(COUNT(T98:V98)=3,T98+U98+V98,"") -> 353 | T98: 41 | U98: 218 | V98: 94 | W98: 10 | X98: 46250.167 | Y98: 46250.419 | Z98: 0 | AA98: 1837.6761
A99: 46251 | B99: P2 | C99: =A99-WEEKDAY(A99,3) -> 46251 | D99: 5971 | E99: 3.958 | F99: 3.27 | G99: 743 | H99: 191 | I99: 47 | J99: 65.394444 | K99: 135 | L99: 54.166667 | M99: 0 | N99: 81 | O99: Indoor workout (52 min); Strength/Gym (51 min) | P99: 2 | Q99: 102.56667 | R99: 583 | S99: =IF(COUNT(T99:V99)=3,T99+U99+V99,"") -> 398 | T99: 83 | U99: 231 | V99: 84 | W99: 2 | X99: 46251.031 | Y99: 46251.308 | Z99: 13 | AA99: 2447.2141
A100: 46252 | B100: P2 | C100: =A100-WEEKDAY(A100,3) -> 46251 | D100: 9449 | E100: 6.69 | F100: 5.2 | G100: 321 | H100: 178 | I100: 42 | J100: 63.254368 | K100: 114 | L100: 48.393082 | M100: 0 | N100: 81 | P100: 0 | Q100: 0 | R100: 0 | S100: =IF(COUNT(T100:V100)=3,T100+U100+V100,"") -> 302 | T100: 31 | U100: 215 | V100: 56 | W100: 15 | X100: 46252.069 | Y100: 46252.29 | Z100: 13 | AA100: 2023.0768
...

Sheet Workout Sessions
A1: Date (IST) | B1: Period | C1: Type Code | D1: Inferred Activity | E1: Start (IST) | F1: Duration (min) | G1: Distance (m) | H1: Avg Pace raw (s/m) | I1: Pace (min/km) | J1: Calories (kcal) | K1: kcal / min | L1: Avg HR (bpm) | M1: Max HR (bpm)
A2: 46155 | B2: P1 | C2: 52 | D2: Strength/Gym | E2: 46155.654 | F2: 27.7 | I2: =IF(AND(G2>=500,H2>0),H2*1000/60,"") | J2: 122 | K2: =IF(F2>0,J2/F2,"") -> 4.4043321 | L2: 96.9 | M2: 121
A3: 46155 | B3: P1 | C3: 49 | D3: Indoor cardio/HIIT | E3: 46155.72 | F3: 93.7 | I3: =IF(AND(G3>=500,H3>0),H3*1000/60,"") | J3: 1139 | K3: =IF(F3>0,J3/F3,"") -> 12.155816 | L3: 159.8 | M3: 178
A4: 46156 | B4: P1 | C4: 52 | D4: Strength/Gym | E4: 46156.784 | F4: 55.4 | I4: =IF(AND(G4>=500,H4>0),H4*1000/60,"") | J4: 257 | K4: =IF(F4>0,J4/F4,"") -> 4.6389892 | L4: 98.6 | M4: 125
A5: 46157 | B5: P1 | C5: 52 | D5: Strength/Gym | E5: 46157.854 | F5: 51.6 | I5: =IF(AND(G5>=500,H5>0),H5*1000/60,"") | J5: 114 | K5: =IF(F5>0,J5/F5,"") -> 2.2093023 | L5: 78.3 | M5: 109
A6: 46160 | B6: P1 | C6: 52 | D6: Strength/Gym | E6: 46160.642 | F6: 44.8 | I6: =IF(AND(G6>=500,H6>0),H6*1000/60,"") | J6: 208 | K6: =IF(F6>0,J6/F6,"") -> 4.6428571 | L6: 98.7 | M6: 120
A7: 46160 | B7: P1 | C7: 1 | D7: Running | E7: 46160.841 | F7: 31.3 | G7: 5321 | H7: 0.35218944 | I7: =IF(AND(G7>=500,H7>0),H7*1000/60,"") -> 5.869824 | J7: 425.26315 | K7: =IF(F7>0,J7/F7,"") -> 13.586682 | L7: 174.2 | M7: 189
A8: 46161 | B8: P1 | C8: 6 | D8: Walk/Jog | E8: 46161.783 | F8: 43.6 | G8: 3076 | H8: 0.84980494 | I8: =IF(AND(G8>=500,H8>0),H8*1000/60,"") -> 14.163416 | J8: 140.92671 | K8: =IF(F8>0,J8/F8,"") -> 3.232264 | L8: 87.4 | M8: 98
A9: 46161 | B9: P1 | C9: 52 | D9: Strength/Gym | E9: 46161.825 | F9: 59.9 | I9: =IF(AND(G9>=500,H9>0),H9*1000/60,"") | J9: 213 | K9: =IF(F9>0,J9/F9,"") -> 3.5559265 | L9: 89.8 | M9: 109
A10: 46162 | B10: P1 | C10: 10 | D10: Indoor workout | E10: 46162.719 | F10: 50.9 | I10: =IF(AND(G10>=500,H10>0),H10*1000/60,"") | J10: 348 | K10: =IF(F10>0,J10/F10,"") -> 6.8369352 | L10: 117.3 | M10: 132
A11: 46163 | B11: P1 | C11: 52 | D11: Strength/Gym | E11: 46163.564 | F11: 50.8 | I11: =IF(AND(G11>=500,H11>0),H11*1000/60,"") | J11: 273 | K11: =IF(F11>0,J11/F11,"") -> 5.3740157 | L11: 104.8 | M11: 132
A12: 46163 | B12: P1 | C12: 1 | D12: Running | E12: 46163.876 | F12: 28.3 | G12: 5079 | H12: 0.333924 | I12: =IF(AND(G12>=500,H12>0),H12*1000/60,"") -> 5.5654 | J12: 368.56531 | K12: =IF(F12>0,J12/F12,"") -> 13.023509 | L12: 169.9 | M12: 187
A13: 46164 | B13: P1 | C13: 52 | D13: Strength/Gym | E13: 46164.854 | F13: 44.3 | I13: =IF(AND(G13>=500,H13>0),H13*1000/60,"") | J13: 174 | K13: =IF(F13>0,J13/F13,"") -> 3.9277652 | L13: 92.9 | M13: 122
A14: 46165 | B14: P1 | C14: 85 | D14: High-intensity indoor (85) | E14: 46165.706 | F14: 71.5 | I14: =IF(AND(G14>=500,H14>0),H14*1000/60,"") | J14: 850 | K14: =IF(F14>0,J14/F14,"") -> 11.888112 | L14: 158.7 | M14: 179
A15: 46166 | B15: P1 | C15: 1 | D15: Running | E15: 46166.311 | F15: 40 | G15: 6078 | H15: 0.39420862 | I15: =IF(AND(G15>=500,H15>0),H15*1000/60,"") -> 6.5701437 | J15: 531.37769 | K15: =IF(F15>0,J15/F15,"") -> 13.284442 | L15: 170.5 | M15: 179
A16: 46166 | B16: P1 | C16: 1 | D16: Running | E16: 46166.393 | F16: 18.8 | G16: 3178 | H16: 0.35431089 | I16: =IF(AND(G16>=500,H16>0),H16*1000/60,"") -> 5.9051815 | J16: 246.15851 | K16: =IF(F16>0,J16/F16,"") -> 13.093538 | L16: 169.6 | M16: 180
A17: 46166 | B17: P1 | C17: 49 | D17: Indoor cardio/HIIT | E17: 46166.747 | F17: 65.7 | I17: =IF(AND(G17>=500,H17>0),H17*1000/60,"") | J17: 644 | K17: =IF(F17>0,J17/F17,"") -> 9.8021309 | L17: 141.1 | M17: 165
A18: 46167 | B18: P1 | C18: 52 | D18: Strength/Gym | E18: 46167.813 | F18: 36.7 | I18: =IF(AND(G18>=500,H18>0),H18*1000/60,"") | J18: 153 | K18: =IF(F18>0,J18/F18,"") -> 4.1689373 | L18: 94.6 | M18: 117
A19: 46168 | B19: P1 | C19: 85 | D19: High-intensity indoor (85) | E19: 46168.371 | F19: 64.8 | I19: =IF(AND(G19>=500,H19>0),H19*1000/60,"") | J19: 381 | K19: =IF(F19>0,J19/F19,"") -> 5.8796296 | L19: 108.8 | M19: 166
A20: 46169 | B20: P1 | C20: 10 | D20: Indoor workout | E20: 46169.718 | F20: 51.8 | I20: =IF(AND(G20>=500,H20>0),H20*1000/60,"") | J20: 400 | K20: =IF(F20>0,J20/F20,"") -> 7.7220077 | L20: 124.1 | M20: 138
A21: 46169 | B21: P1 | C21: 52 | D21: Strength/Gym | E21: 46169.846 | F21: 41.6 | I21: =IF(AND(G21>=500,H21>0),H21*1000/60,"") | J21: 157 | K21: =IF(F21>0,J21/F21,"") -> 3.7740385 | L21: 91.1 | M21: 126
A22: 46171 | B22: P1 | C22: 1 | D22: Running | E22: 46171.24 | F22: 66.1 | G22: 10352 | H22: 0.38292117 | I22: =IF(AND(G22>=500,H22>0),H22*1000/60,"") -> 6.3820196 | J22: 840.22235 | K22: =IF(F22>0,J22/F22,"") -> 12.711382 | L22: 166.3 | M22: 179
A23: 46171 | B23: P1 | C23: 6 | D23: Walk/Jog | E23: 46171.791 | F23: 28.4 | G23: 1723 | H23: 0.98781196 | I23: =IF(AND(G23>=500,H23>0),H23*1000/60,"") -> 16.463533 | J23: 67.262886 | K23: =IF(F23>0,J23/F23,"") -> 2.3684115 | L23: 71.2 | M23: 87
A24: 46171 | B24: P1 | C24: 227 | D24: Indoor workout | E24: 46171.957 | F24: 46.4 | I24: =IF(AND(G24>=500,H24>0),H24*1000/60,"") | J24: 305 | K24: =IF(F24>0,J24/F24,"") -> 6.5732759 | L24: 103 | M24: 128
A25: 46172 | B25: P1 | C25: 49 | D25: Indoor cardio/HIIT | E25: 46172.292 | F25: 89.6 | I25: =IF(AND(G25>=500,H25>0),H25*1000/60,"") | J25: 878 | K25: =IF(F25>0,J25/F25,"") -> 9.7991071 | L25: 142.9 | M25: 177
A26: 46173 | B26: P1 | C26: 1 | D26: Running | E26: 46173.351 | F26: 21.1 | G26: 3122 | H26: 0.40358744 | I26: =IF(AND(G26>=500,H26>0),H26*1000/60,"") -> 6.7264574 | J26: 251.07634 | K26: =IF(F26>0,J26/F26,"") -> 11.899353 | L26: 157.9 | M26: 180
A27: 46173 | B27: P1 | C27: 52 | D27: Strength/Gym | E27: 46173.655 | F27: 30.6 | I27: =IF(AND(G27>=500,H27>0),H27*1000/60,"") | J27: 326 | K27: =IF(F27>0,J27/F27,"") -> 10.653595 | L27: 89.6 | M27: 121
A28: 46173 | B28: P1 | C28: 49 | D28: Indoor cardio/HIIT | E28: 46173.718 | F28: 107.5 | I28: =IF(AND(G28>=500,H28>0),H28*1000/60,"") | J28: 1099 | K28: =IF(F28>0,J28/F28,"") -> 10.223256 | L28: 144.6 | M28: 175
A29: 46177 | B29: P1 | C29: 8 | D29: Walk/Jog | E29: 46177.745 | F29: 15.1 | G29: 1660 | H29: 0.54337349 | I29: =IF(AND(G29>=500,H29>0),H29*1000/60,"") -> 9.0562249 | J29: 200.8929 | K29: =IF(F29>0,J29/F29,"") -> 13.304165 | L29: 174.4 | M29: 184
A30: 46177 | B30: P1 | C30: 14 | D30: Indoor workout | E30: 46177.765 | F30: 70.9 | I30: =IF(AND(G30>=500,H30>0),H30*1000/60,"") | J30: 298 | K30: =IF(F30>0,J30/F30,"") -> 4.203103 | L30: 94.9 | M30: 117
A31: 46181 | B31: P1 | C31: 52 | D31: Strength/Gym | E31: 46181.867 | F31: 113.4 | I31: =IF(AND(G31>=500,H31>0),H31*1000/60,"") | J31: 449 | K31: =IF(F31>0,J31/F31,"") -> 3.9594356 | L31: 93.1 | M31: 128
A32: 46182 | B32: P1 | C32: 52 | D32: Strength/Gym | E32: 46182.87 | F32: 72.8 | I32: =IF(AND(G32>=500,H32>0),H32*1000/60,"") | J32: 359 | K32: =IF(F32>0,J32/F32,"") -> 4.9313187 | L32: 101.3 | M32: 131
A33: 46183 | B33: P1 | C33: 85 | D33: High-intensity indoor (85) | E33: 46183.794 | F33: 54.5 | I33: =IF(AND(G33>=500,H33>0),H33*1000/60,"") | J33: 602 | K33: =IF(F33>0,J33/F33,"") -> 11.045872 | L33: 149.7 | M33: 176
A34: 46184 | B34: P1 | C34: 52 | D34: Strength/Gym | E34: 46184.839 | F34: 105.4 | I34: =IF(AND(G34>=500,H34>0),H34*1000/60,"") | J34: 531 | K34: =IF(F34>0,J34/F34,"") -> 5.0379507 | L34: 101.8 | M34: 130
A35: 46185 | B35: P1 | C35: 227 | D35: Indoor workout | E35: 46185.825 | F35: 73.2 | I35: =IF(AND(G35>=500,H35>0),H35*1000/60,"") | J35: 436 | K35: =IF(F35>0,J35/F35,"") -> 5.9562842 | L35: 109.2 | M35: 137
A36: 46186 | B36: P1 | C36: 52 | D36: Strength/Gym | E36: 46186.565 | F36: 65 | I36: =IF(AND(G36>=500,H36>0),H36*1000/60,"") | J36: 305 | K36: =IF(F36>0,J36/F36,"") -> 4.6923077 | L36: 98.8 | M36: 123
A37: 46187 | B37: P1 | C37: 8 | D37: Walk/Jog | E37: 46187.54 | F37: 37.6 | G37: 2835 | H37: 0.79435626 | I37: =IF(AND(G37>=500,H37>0),H37*1000/60,"") -> 13.239271 | J37: 271.8743 | K37: =IF(F37>0,J37/F37,"") -> 7.2306994 | L37: 145.9 | M37: 176
A38: 46187 | B38: P1 | C38: 49 | D38: Indoor cardio/HIIT | E38: 46187.922 | F38: 108.4 | I38: =IF(AND(G38>=500,H38>0),H38*1000/60,"") | J38: 1079 | K38: =IF(F38>0,J38/F38,"") -> 9.9538745 | L38: 142.6 | M38: 174
A39: 46188 | B39: P1 | C39: 52 | D39: Strength/Gym | E39: 46188.876 | F39: 44 | I39: =IF(AND(G39>=500,H39>0),H39*1000/60,"") | J39: 301 | K39: =IF(F39>0,J39/F39,"") -> 6.8409091 | L39: 116.6 | M39: 139
A40: 46190 | B40: P1 | C40: 1 | D40: Running | E40: 46190.243 | F40: 50.8 | G40: 8135 | H40: 0.37393977 | I40: =IF(AND(G40>=500,H40>0),H40*1000/60,"") -> 6.2323294 | J40: 642.25586 | K40: =IF(F40>0,J40/F40,"") -> 12.642832 | L40: 165 | M40: 180
A41: 46191 | B41: P1 | C41: 227 | D41: Indoor workout | E41: 46191.759 | F41: 270.9 | I41: =IF(AND(G41>=500,H41>0),H41*1000/60,"") | J41: 864 | K41: =IF(F41>0,J41/F41,"") -> 3.1893688 | L41: 86.4 | M41: 123
A42: 46192 | B42: P1 | C42: 52 | D42: Strength/Gym | E42: 46192.807 | F42: 60 | I42: =IF(AND(G42>=500,H42>0),H42*1000/60,"") | J42: 195 | K42: =IF(F42>0,J42/F42,"") -> 3.25 | L42: 87.1 | M42: 109
A43: 46193 | B43: P1 | C43: 52 | D43: Strength/Gym | E43: 46193.668 | F43: 59.3 | I43: =IF(AND(G43>=500,H43>0),H43*1000/60,"") | J43: 196 | K43: =IF(F43>0,J43/F43,"") -> 3.3052277 | L43: 87.5 | M43: 114
A44: 46194 | B44: P1 | C44: 227 | D44: Indoor workout | E44: 46194.967 | F44: 61.7 | I44: =IF(AND(G44>=500,H44>0),H44*1000/60,"") | J44: 367 | K44: =IF(F44>0,J44/F44,"") -> 5.9481361 | L44: 109.4 | M44: 125
A45: 46195 | B45: P1 | C45: 52 | D45: Strength/Gym | E45: 46195.82 | F45: 68.6 | I45: =IF(AND(G45>=500,H45>0),H45*1000/60,"") | J45: 259 | K45: =IF(F45>0,J45/F45,"") -> 3.7755102 | L45: 91.5 | M45: 116
A46: 46197 | B46: P1 | C46: 52 | D46: Strength/Gym | E46: 46197.822 | F46: 52.1 | I46: =IF(AND(G46>=500,H46>0),H46*1000/60,"") | J46: 288 | K46: =IF(F46>0,J46/F46,"") -> 5.5278311 | L46: 106.5 | M46: 135
A47: 46198 | B47: P1 | C47: 52 | D47: Strength/Gym | E47: 46198.453 | F47: 0 | I47: =IF(AND(G47>=500,H47>0),H47*1000/60,"") | J47: 0 | K47: =IF(F47>0,J47/F47,"")
A48: 46198 | B48: P1 | C48: 1 | D48: Running | E48: 46198.762 | F48: 59.2 | G48: 58 | H48: 61.206897 | I48: =IF(AND(G48>=500,H48>0),H48*1000/60,"") | J48: 10.659284 | K48: =IF(F48>0,J48/F48,"") -> 0.18005547 | L48: 142.5 | M48: 187
A49: 46199 | B49: P1 | C49: 52 | D49: Strength/Gym | E49: 46199.869 | F49: 66.9 | I49: =IF(AND(G49>=500,H49>0),H49*1000/60,"") | J49: 266 | K49: =IF(F49>0,J49/F49,"") -> 3.9760837 | L49: 93 | M49: 125
A50: 46200 | B50: P1 | C50: 49 | D50: Indoor cardio/HIIT | E50: 46200.719 | F50: 105.4 | I50: =IF(AND(G50>=500,H50>0),H50*1000/60,"") | J50: 1182 | K50: =IF(F50>0,J50/F50,"") -> 11.214421 | L50: 152.7 | M50: 180
A51: 46201 | B51: P1 | C51: 1 | D51: Running | E51: 46201.343 | F51: 30.6 | G51: 4987 | H51: 0.36775617 | I51: =IF(AND(G51>=500,H51>0),H51*1000/60,"") -> 6.1292694 | J51: 389.78339 | K51: =IF(F51>0,J51/F51,"") -> 12.738019 | L51: 164.8 | M51: 190
A52: 46201 | B52: P1 | C52: 10 | D52: Indoor workout | E52: 46201.74 | F52: 30 | I52: =IF(AND(G52>=500,H52>0),H52*1000/60,"") | J52: 220 | K52: =IF(F52>0,J52/F52,"") -> 7.3333333 | L52: 121.2 | M52: 132
A53: 46203 | B53: P1 | C53: 52 | D53: Strength/Gym | E53: 46203.823 | F53: 48.4 | I53: =IF(AND(G53>=500,H53>0),H53*1000/60,"") | J53: 213 | K53: =IF(F53>0,J53/F53,"") -> 4.4008264 | L53: 96.5 | M53: 116
A54: 46204 | B54: P1 | C54: 1 | D54: Running | E54: 46204.276 | F54: 104.1 | G54: 15559 | H54: 0.4011826 | I54: =IF(AND(G54>=500,H54>0),H54*1000/60,"") -> 6.6863766 | J54: 1257.4802 | K54: =IF(F54>0,J54/F54,"") -> 12.079541 | L54: 160.4 | M54: 168
A55: 46205 | B55: P1 | C55: 52 | D55: Strength/Gym | E55: 46205.703 | F55: 36.7 | I55: =IF(AND(G55>=500,H55>0),H55*1000/60,"") | J55: 179 | K55: =IF(F55>0,J55/F55,"") -> 4.8773842 | L55: 100 | M55: 119
A56: 46208 | B56: P1 | C56: 1 | D56: Running | E56: 46208.232 | F56: 136.4 | G56: 21457 | H56: 0.38136739 | I56: =IF(AND(G56>=500,H56>0),H56*1000/60,"") -> 6.3561231 | J56: 1791.5903 | K56: =IF(F56>0,J56/F56,"") -> 13.134826 | L56: 168.5 | M56: 175
A57: 46209 | B57: P1 | C57: 52 | D57: Strength/Gym | E57: 46209.742 | F57: 76.7 | I57: =IF(AND(G57>=500,H57>0),H57*1000/60,"") | J57: 300 | K57: =IF(F57>0,J57/F57,"") -> 3.9113429 | L57: 92.4 | M57: 119
A58: 46211 | B58: P1 | C58: 52 | D58: Strength/Gym | E58: 46211.815 | F58: 60.1 | I58: =IF(AND(G58>=500,H58>0),H58*1000/60,"") | J58: 291 | K58: =IF(F58>0,J58/F58,"") -> 4.8419301 | L58: 100.2 | M58: 128
A59: 46213 | B59: P1 | C59: 52 | D59: Strength/Gym | E59: 46213.816 | F59: 49.3 | I59: =IF(AND(G59>=500,H59>0),H59*1000/60,"") | J59: 247 | K59: =IF(F59>0,J59/F59,"") -> 5.010142 | L59: 101.6 | M59: 121
A60: 46214 | B60: P1 | C60: 52 | D60: Strength/Gym | E60: 46214.777 | F60: 73.3 | I60: =IF(AND(G60>=500,H60>0),H60*1000/60,"") | J60: 227 | K60: =IF(F60>0,J60/F60,"") -> 3.0968622 | L60: 85.4 | M60: 110
A61: 46216 | B61: P1 | C61: 52 | D61: Strength/Gym | E61: 46216.698 | F61: 48.4 | I61: =IF(AND(G61>=500,H61>0),H61*1000/60,"") | J61: 252 | K61: =IF(F61>0,J61/F61,"") -> 5.2066116 | L61: 104.1 | M61: 132
A62: 46217 | B62: P1 | C62: 52 | D62: Strength/Gym | E62: 46217.825 | F62: 68.2 | I62: =IF(AND(G62>=500,H62>0),H62*1000/60,"") | J62: 325 | K62: =IF(F62>0,J62/F62,"") -> 4.7653959 | L62: 99.3 | M62: 129
A63: 46219 | B63: P1 | C63: 52 | D63: Strength/Gym | E63: 46219.871 | F63: 71 | I63: =IF(AND(G63>=500,H63>0),H63*1000/60,"") | J63: 365 | K63: =IF(F63>0,J63/F63,"") -> 5.1408451 | L63: 102.5 | M63: 134
A64: 46220 | B64: P1 | C64: 1 | D64: Running | E64: 46220.327 | F64: 11.1 | G64: 1373 | H64: 0.48506919 | I64: =IF(AND(G64>=500,H64>0),H64*1000/60,"") -> 8.0844865 | J64: 106.25957 | K64: =IF(F64>0,J64/F64,"") -> 9.572934 | L64: 139.5 | M64: 155
A65: 46220 | B65: P1 | C65: 227 | D65: Indoor workout | E65: 46220.739 | F65: 47.8 | I65: =IF(AND(G65>=500,H65>0),H65*1000/60,"") | J65: 269 | K65: =IF(F65>0,J65/F65,"") -> 5.6276151 | L65: 106.7 | M65: 120
A66: 46221 | B66: P1 | C66: 49 | D66: Indoor cardio/HIIT | E66: 46221.733 | F66: 94.2 | I66: =IF(AND(G66>=500,H66>0),H66*1000/60,"") | J66: 1123 | K66: =IF(F66>0,J66/F66,"") -> 11.921444 | L66: 158.6 | M66: 180
A67: 46223 | B67: P1 | C67: 227 | D67: Indoor workout | E67: 46223.18 | F67: 31.5 | I67: =IF(AND(G67>=500,H67>0),H67*1000/60,"") | J67: 171 | K67: =IF(F67>0,J67/F67,"") -> 5.4285714 | L67: 104.7 | M67: 113
A68: 46224 | B68: P2 | C68: 52 | D68: Strength/Gym | E68: 46224.806 | F68: 64.2 | I68: =IF(AND(G68>=500,H68>0),H68*1000/60,"") | J68: 295 | K68: =IF(F68>0,J68/F68,"") -> 4.5950156 | L68: 98.1 | M68: 116
A69: 46225 | B69: P2 | C69: 52 | D69: Strength/Gym | E69: 46225.746 | F69: 53.5 | I69: =IF(AND(G69>=500,H69>0),H69*1000/60,"") | J69: 238 | K69: =IF(F69>0,J69/F69,"") -> 4.4485981 | L69: 96.8 | M69: 119
A70: 46225 | B70: P2 | C70: 49 | D70: Indoor cardio/HIIT | E70: 46225.793 | F70: 62.9 | I70: =IF(AND(G70>=500,H70>0),H70*1000/60,"") | J70: 716 | K70: =IF(F70>0,J70/F70,"") -> 11.383148 | L70: 153.8 | M70: 175
A71: 46228 | B71: P2 | C71: 49 | D71: Indoor cardio/HIIT | E71: 46228.758 | F71: 51.2 | I71: =IF(AND(G71>=500,H71>0),H71*1000/60,"") | J71: 601 | K71: =IF(F71>0,J71/F71,"") -> 11.738281 | L71: 156.8 | M71: 184
A72: 46228 | B72: P2 | C72: 49 | D72: Indoor cardio/HIIT | E72: 46228.808 | F72: 47.8 | I72: =IF(AND(G72>=500,H72>0),H72*1000/60,"") | J72: 555 | K72: =IF(F72>0,J72/F72,"") -> 11.610879 | L72: 156.4 | M72: 170
A73: 46230 | B73: P2 | C73: 52 | D73: Strength/Gym | E73: 46230.79 | F73: 55.9 | I73: =IF(AND(G73>=500,H73>0),H73*1000/60,"") | J73: 339 | K73: =IF(F73>0,J73/F73,"") -> 6.0644007 | L73: 110.1 | M73: 147
A74: 46232 | B74: P2 | C74: 1 | D74: Running | E74: 46232.257 | F74: 20.9 | G74: 4018 | H74: 0.31209557 | I74: =IF(AND(G74>=500,H74>0),H74*1000/60,"") -> 5.2015928 | J74: 274.6647 | K74: =IF(F74>0,J74/F74,"") -> 13.141852 | L74: 167.8 | M74: 182
A75: 46232 | B75: P2 | C75: 52 | D75: Strength/Gym | E75: 46232.655 | F75: 56.6 | I75: =IF(AND(G75>=500,H75>0),H75*1000/60,"") | J75: 214 | K75: =IF(F75>0,J75/F75,"") -> 3.7809187 | L75: 90.7 | M75: 108
A76: 46232 | B76: P2 | C76: 49 | D76: Indoor cardio/HIIT | E76: 46232.798 | F76: 113.7 | I76: =IF(AND(G76>=500,H76>0),H76*1000/60,"") | J76: 1319 | K76: =IF(F76>0,J76/F76,"") -> 11.600704 | L76: 155.4 | M76: 178
A77: 46233 | B77: P2 | C77: 52 | D77: Strength/Gym | E77: 46233.826 | F77: 18.4 | I77: =IF(AND(G77>=500,H77>0),H77*1000/60,"") | J77: 72 | K77: =IF(F77>0,J77/F77,"") -> 3.9130435 | L77: 91.5 | M77: 111
A78: 46233 | B78: P2 | C78: 8 | D78: Walk/Jog | E78: 46233.839 | F78: 26.6 | G78: 2005 | H78: 0.79501247 | I78: =IF(AND(G78>=500,H78>0),H78*1000/60,"") -> 13.250208 | J78: 187.30371 | K78: =IF(F78>0,J78/F78,"") -> 7.0414929 | L78: 121.3 | M78: 127
A79: 46234 | B79: P2 | C79: 52 | D79: Strength/Gym | E79: 46234.734 | F79: 67.8 | I79: =IF(AND(G79>=500,H79>0),H79*1000/60,"") | J79: 202 | K79: =IF(F79>0,J79/F79,"") -> 2.979351 | L79: 84.3 | M79: 107
A80: 46234 | B80: P2 | C80: 49 | D80: Indoor cardio/HIIT | E80: 46234.796 | F80: 55.2 | I80: =IF(AND(G80>=500,H80>0),H80*1000/60,"") | J80: 606 | K80: =IF(F80>0,J80/F80,"") -> 10.978261 | L80: 150.3 | M80: 168
A81: 46240 | B81: P2 | C81: 52 | D81: Strength/Gym | E81: 46240.832 | F81: 40.8 | I81: =IF(AND(G81>=500,H81>0),H81*1000/60,"") | J81: 116 | K81: =IF(F81>0,J81/F81,"") -> 2.8431373 | L81: 83.3 | M81: 106
A82: 46241 | B82: P2 | C82: 49 | D82: Indoor cardio/HIIT | E82: 46241.8 | F82: 50.8 | I82: =IF(AND(G82>=500,H82>0),H82*1000/60,"") | J82: 547 | K82: =IF(F82>0,J82/F82,"") -> 10.767717 | L82: 148.8 | M82: 164
A83: 46242 | B83: P2 | C83: 1 | D83: Running | E83: 46242.29 | F83: 49.9 | G83: 4664 | H83: 0.64108062 | I83: =IF(AND(G83>=500,H83>0),H83*1000/60,"") -> 10.684677 | J83: 368.603 | K83: =IF(F83>0,J83/F83,"") -> 7.3868336 | L83: 135.4 | M83: 164
A84: 46242 | B84: P2 | C84: 49 | D84: Indoor cardio/HIIT | E84: 46242.766 | F84: 103.3 | I84: =IF(AND(G84>=500,H84>0),H84*1000/60,"") | J84: 946 | K84: =IF(F84>0,J84/F84,"") -> 9.1577928 | L84: 135.3 | M84: 164
A85: 46243 | B85: P2 | C85: 9 | D85: Cycling | E85: 46243.384 | F85: 75.8 | G85: 21060 | H85: 0.21585945 | I85: =IF(AND(G85>=500,H85>0),H85*1000/60,"") -> 3.5976575 | J85: 533.6817 | K85: =IF(F85>0,J85/F85,"") -> 7.0406557 | L85: 100.5 | M85: 142
A86: 46243 | B86: P2 | C86: 85 | D86: High-intensity indoor (85) | E86: 46243.797 | F86: 12.7 | I86: =IF(AND(G86>=500,H86>0),H86*1000/60,"") | J86: 103 | K86: =IF(F86>0,J86/F86,"") -> 8.1102362 | L86: 113.9 | M86: 136
A87: 46243 | B87: P2 | C87: 85 | D87: High-intensity indoor (85) | E87: 46243.897 | F87: 9.9 | I87: =IF(AND(G87>=500,H87>0),H87*1000/60,"") | J87: 109 | K87: =IF(F87>0,J87/F87,"") -> 11.010101 | L87: 150.8 | M87: 177
A88: 46244 | B88: P2 | C88: 52 | D88: Strength/Gym | E88: 46244.725 | F88: 42.5 | I88: =IF(AND(G88>=500,H88>0),H88*1000/60,"") | J88: 102 | K88: =IF(F88>0,J88/F88,"") -> 2.4 | L88: 78.5 | M88: 100
A89: 46245 | B89: P2 | C89: 52 | D89: Strength/Gym | E89: 46245.826 | F89: 47.5 | I89: =IF(AND(G89>=500,H89>0),H89*1000/60,"") | J89: 163 | K89: =IF(F89>0,J89/F89,"") -> 3.4315789 | L89: 87.7 | M89: 108
A90: 46246 | B90: P2 | C90: 8 | D90: Walk/Jog | E90: 46246.743 | F90: 51.4 | G90: 3592 | H90: 0.86859688 | I90: =IF(AND(G90>=500,H90>0),H90*1000/60,"") -> 14.476615 | J90: 335.21481 | K90: =IF(F90>0,J90/F90,"") -> 6.521689 | L90: 135.3 | M90: 174
A91: 46246 | B91: P2 | C91: 49 | D91: Indoor cardio/HIIT | E91: 46246.8 | F91: 49.9 | I91: =IF(AND(G91>=500,H91>0),H91*1000/60,"") | J91: 623 | K91: =IF(F91>0,J91/F91,"") -> 12.48497 | L91: 163 | M91: 176
A92: 46247 | B92: P2 | C92: 52 | D92: Strength/Gym | E92: 46247.823 | F92: 62.4 | I92: =IF(AND(G92>=500,H92>0),H92*1000/60,"") | J92: 219 | K92: =IF(F92>0,J92/F92,"") -> 3.5096154 | L92: 88.3 | M92: 109
A93: 46248 | B93: P2 | C93: 52 | D93: Strength/Gym | E93: 46248.553 | F93: 76.1 | I93: =IF(AND(G93>=500,H93>0),H93*1000/60,"") | J93: 453 | K93: =IF(F93>0,J93/F93,"") -> 5.9526938 | L93: 108.5 | M93: 130
A94: 46248 | B94: P2 | C94: 49 | D94: Indoor cardio/HIIT | E94: 46248.713 | F94: 71.2 | I94: =IF(AND(G94>=500,H94>0),H94*1000/60,"") | J94: 726 | K94: =IF(F94>0,J94/F94,"") -> 10.196629 | L94: 144.2 | M94: 168
A95: 46251 | B95: P2 | C95: 227 | D95: Indoor workout | E95: 46251.715 | F95: 51.8 | I95: =IF(AND(G95>=500,H95>0),H95*1000/60,"") | J95: 329 | K95: =IF(F95>0,J95/F95,"") -> 6.3513514 | L95: 111.9 | M95: 135
A96: 46251 | B96: P2 | C96: 52 | D96: Strength/Gym | E96: 46251.844 | F96: 50.8 | I96: =IF(AND(G96>=500,H96>0),H96*1000/60,"") | J96: 254 | K96: =IF(F96>0,J96/F96,"") -> 5 | L96: 100.8 | M96: 118
A97: 46253 | B97: P2 | C97: 8 | D97: Walk/Jog | E97: 46253.744 | F97: 31.9 | G97: 152 | H97: 12.605263 | I97: =IF(AND(G97>=500,H97>0),H97*1000/60,"") | J97: 9.0213442 | K97: =IF(F97>0,J97/F97,"") -> 0.28280076 | L97: 144 | M97: 169
A98: 46253 | B98: P2 | C98: 191 | D98: High-intensity indoor (191) | E98: 46253.797 | F98: 54.2 | I98: =IF(AND(G98>=500,H98>0),H98*1000/60,"") | J98: 637 | K98: =IF(F98>0,J98/F98,"") -> 11.752768 | L98: 157.2 | M98: 173
A99: 46254 | B99: P2 | C99: 191 | D99: High-intensity indoor (191) | E99: 46254.802 | F99: 103.1 | I99: =IF(AND(G99>=500,H99>0),H99*1000/60,"") | J99: 942 | K99: =IF(F99>0,J99/F99,"") -> 9.1367604 | L99: 135.8 | M99: 170
A100: 46255 | B100: P2 | C100: 191 | D100: High-intensity indoor (191) | E100: 46255.757 | F100: 77.6 | I100: =IF(AND(G100>=500,H100>0),H100*1000/60,"") | J100: 787 | K100: =IF(F100>0,J100/F100,"") -> 10.141753 | L100: 143.6 | M100: 172
...

Sheet HRV (Monthly)
A1: Month | B1: Baseline (ms) | C1: Monthly Min (ms) | D1: Monthly Max (ms) | E1: Last Reading (ms) | F1: Last Reading Date | G1: Note
A2: 2026-05 | B2: 91 | C2: 52 | D2: 125 | E2: 82 | F2: 46173 | G2: Readings start around 14 May
A3: 2026-06 | B3: 83 | C3: 55 | D3: 122 | E3: 70 | F3: 46203 | G3: Gap of about 2 days around 25 Jun
A4: 2026-07 | B4: 80 | C4: 64 | D4: 94 | E4: 94 | F4: 46234
A5: 2026-08 | B5: 81 | C5: 58 | D5: 117 | E5: 95 | F5: 46265
A6: 2026-09 | B6: 83 | C6: 63 | D6: 108 | E6: 94 | F6: 46295
A7: 2026-10 | B7: 82 | C7: 55 | D7: 112 | E7: 82 | F7: 46311 | G7: Partial month (1-16 Oct)
A9: Source: Zepp app, Heart Rate Variability > Month view (overnight HRV). Entered by hand from screenshots; daily values aren't available in the export.

Sheet Period Comparison
A1: Metric | B1: P1: 12 May – 20 Jul 2026 | C1: P2: 21 Jul – 28 Sep 2026 | D1: Change (P1 → P2) | E1: % Change
A2: Days | B2: =COUNTIF('Daily Summary'!$B$2:$B$141,"P1") -> 70 | C2: =COUNTIF('Daily Summary'!$B$2:$B$141,"P2") -> 70 | D2: =C2-B2 -> 0 | E2: =IF(B2=0,"",(C2-B2)/B2) -> 0
A3: Avg steps / day | B3: =AVERAGEIFS('Daily Summary'!$D$2:$D$141,'Daily Summary'!$B$2:$B$141,"P1") -> 7893.2143 | C3: =AVERAGEIFS('Daily Summary'!$D$2:$D$141,'Daily Summary'!$B$2:$B$141,"P2") -> 7822.7714 | D3: =C3-B3 -> -70.442857 | E3: =IF(B3=0,"",(C3-B3)/B3) -> -0.0089244831
A4: Avg distance / day (km) | B4: =AVERAGEIFS('Daily Summary'!$E$2:$E$141,'Daily Summary'!$B$2:$B$141,"P1") -> 5.7730143 | C4: =AVERAGEIFS('Daily Summary'!$E$2:$E$141,'Daily Summary'!$B$2:$B$141,"P2") -> 5.6913714 | D4: =C4-B4 -> -0.081642857 | E4: =IF(B4=0,"",(C4-B4)/B4) -> -0.014142154
A5: Avg active minutes / day | B5: =AVERAGEIFS('Daily Summary'!$H$2:$H$141,'Daily Summary'!$B$2:$B$141,"P1") -> 148.87143 | C5: =AVERAGEIFS('Daily Summary'!$H$2:$H$141,'Daily Summary'!$B$2:$B$141,"P2") -> 157.74286 | D5: =C5-B5 -> 8.8714286 | E5: =IF(B5=0,"",(C5-B5)/B5) -> 0.05959121
A6: Avg activity calories / day | B6: =AVERAGEIFS('Daily Summary'!$G$2:$G$141,'Daily Summary'!$B$2:$B$141,"P1") -> 627.52857 | C6: =AVERAGEIFS('Daily Summary'!$G$2:$G$141,'Daily Summary'!$B$2:$B$141,"P2") -> 646.67143 | D6: =C6-B6 -> 19.142857 | E6: =IF(B6=0,"",(C6-B6)/B6) -> 0.030505156
A7: Avg resting HR (bpm) | B7: =AVERAGEIFS('Daily Summary'!$I$2:$I$141,'Daily Summary'!$B$2:$B$141,"P1") -> 42.214286 | C7: =AVERAGEIFS('Daily Summary'!$I$2:$I$141,'Daily Summary'!$B$2:$B$141,"P2") -> 41.4 | D7: =C7-B7 -> -0.81428571 | E7: =IF(B7=0,"",(C7-B7)/B7) -> -0.01928934
A8: Avg sleeping HR (bpm) | B8: =AVERAGEIFS('Daily Summary'!$L$2:$L$141,'Daily Summary'!$B$2:$B$141,"P1") -> 48.606606 | C8: =AVERAGEIFS('Daily Summary'!$L$2:$L$141,'Daily Summary'!$B$2:$B$141,"P2") -> 47.369828 | D8: =C8-B8 -> -1.2367778 | E8: =IF(B8=0,"",(C8-B8)/B8) -> -0.025444644
A9: Avg HRV baseline (ms) | B9: =AVERAGEIFS('Daily Summary'!$N$2:$N$141,'Daily Summary'!$B$2:$B$141,"P1") -> 84.428571 | C9: =AVERAGEIFS('Daily Summary'!$N$2:$N$141,'Daily Summary'!$B$2:$B$141,"P2") -> 81.642857 | D9: =C9-B9 -> -2.7857143 | E9: =IF(B9=0,"",(C9-B9)/B9) -> -0.032994924
A10: Avg daily HR (bpm) | B10: =AVERAGEIFS('Daily Summary'!$J$2:$J$141,'Daily Summary'!$B$2:$B$141,"P1") -> 65.040907 | C10: =AVERAGEIFS('Daily Summary'!$J$2:$J$141,'Daily Summary'!$B$2:$B$141,"P2") -> 62.101589 | D10: =C10-B10 -> -2.9393178 | E10: =IF(B10=0,"",(C10-B10)/B10) -> -0.045191833
A11: Avg vigorous minutes / day | B11: =AVERAGEIFS('Daily Summary'!$M$2:$M$141,'Daily Summary'!$B$2:$B$141,"P1") -> 19.171429 | C11: =AVERAGEIFS('Daily Summary'!$M$2:$M$141,'Daily Summary'!$B$2:$B$141,"P2") -> 23.957143 | D11: =C11-B11 -> 4.7857143 | E11: =IF(B11=0,"",(C11-B11)/B11) -> 0.24962742
A12: Workout days | B12: =COUNTIFS('Daily Summary'!$B$2:$B$141,"P1",'Daily Summary'!$P$2:$P$141,">0") -> 50 | C12: =COUNTIFS('Daily Summary'!$B$2:$B$141,"P2",'Daily Summary'!$P$2:$P$141,">0") -> 46 | D12: =C12-B12 -> -4 | E12: =IF(B12=0,"",(C12-B12)/B12) -> -0.08
A13: Workout sessions | B13: =SUMIFS('Daily Summary'!$P$2:$P$141,'Daily Summary'!$B$2:$B$141,"P1") -> 66 | C13: =SUMIFS('Daily Summary'!$P$2:$P$141,'Daily Summary'!$B$2:$B$141,"P2") -> 73 | D13: =C13-B13 -> 7 | E13: =IF(B13=0,"",(C13-B13)/B13) -> 0.10606061
A14: Avg workout minutes / day | B14: =AVERAGEIFS('Daily Summary'!$Q$2:$Q$141,'Daily Summary'!$B$2:$B$141,"P1") -> 57.081429 | C14: =AVERAGEIFS('Daily Summary'!$Q$2:$Q$141,'Daily Summary'!$B$2:$B$141,"P2") -> 56.529524 | D14: =C14-B14 -> -0.55190476 | E14: =IF(B14=0,"",(C14-B14)/B14) -> -0.0096687272
A15: Avg workout calories / day | B15: =AVERAGEIFS('Daily Summary'!$R$2:$R$141,'Daily Summary'!$B$2:$B$141,"P1") -> 396.30927 | C15: =AVERAGEIFS('Daily Summary'!$R$2:$R$141,'Daily Summary'!$B$2:$B$141,"P2") -> 430.39989 | D15: =C15-B15 -> 34.090625 | E15: =IF(B15=0,"",(C15-B15)/B15) -> 0.086020257
A16: Avg sleep (hours) | B16: =AVERAGEIFS('Daily Summary'!$S$2:$S$141,'Daily Summary'!$B$2:$B$141,"P1")/60 -> 6.5466667 | C16: =AVERAGEIFS('Daily Summary'!$S$2:$S$141,'Daily Summary'!$B$2:$B$141,"P2")/60 -> 6.042381 | D16: =C16-B16 -> -0.50428571 | E16: =IF(B16=0,"",(C16-B16)/B16) -> -0.077029386
A17: Nights under 6 h | B17: =COUNTIFS('Daily Summary'!$B$2:$B$141,"P1",'Daily Summary'!$S$2:$S$141,"<360") -> 23 | C17: =COUNTIFS('Daily Summary'!$B$2:$B$141,"P2",'Daily Summary'!$S$2:$S$141,"<360") -> 36 | D17: =C17-B17 -> 13 | E17: =IF(B17=0,"",(C17-B17)/B17) -> 0.56521739
A18: Avg deep sleep (min) | B18: =AVERAGEIFS('Daily Summary'!$T$2:$T$141,'Daily Summary'!$B$2:$B$141,"P1") -> 68.085714 | C18: =AVERAGEIFS('Daily Summary'!$T$2:$T$141,'Daily Summary'!$B$2:$B$141,"P2") -> 63.842857 | D18: =C18-B18 -> -4.2428571 | E18: =IF(B18=0,"",(C18-B18)/B18) -> -0.062316408
A19: Avg REM sleep (min) | B19: =AVERAGEIFS('Daily Summary'!$V$2:$V$141,'Daily Summary'!$B$2:$B$141,"P1") -> 93.428571 | C19: =AVERAGEIFS('Daily Summary'!$V$2:$V$141,'Daily Summary'!$B$2:$B$141,"P2") -> 81.414286 | D19: =C19-B19 -> -12.014286 | E19: =IF(B19=0,"",(C19-B19)/B19) -> -0.12859327
A20: Deep sleep % of total | B20: =SUMIFS('Daily Summary'!$T$2:$T$141,'Daily Summary'!$B$2:$B$141,"P1")/SUMIFS('Daily Summary'!$S$2:$S$141,'Daily Summary'!$B$2:$B$141,"P1") -> 0.1733343 | C20: =SUMIFS('Daily Summary'!$T$2:$T$141,'Daily Summary'!$B$2:$B$141,"P2")/SUMIFS('Daily Summary'!$S$2:$S$141,'Daily Summary'!$B$2:$B$141,"P2") -> 0.17609741 | D20: =C20-B20 -> 0.002763104 | E20: =IF(B20=0,"",(C20-B20)/B20) -> 0.015940896
A21: Runs logged | B21: =COUNTIFS('Workout Sessions'!$B$2:$B$140,"P1",'Workout Sessions'!$C$2:$C$140,1) -> 12 | C21: =COUNTIFS('Workout Sessions'!$B$2:$B$140,"P2",'Workout Sessions'!$C$2:$C$140,1) -> 10 | D21: =C21-B21 -> -2 | E21: =IF(B21=0,"",(C21-B21)/B21) -> -0.16666667
A22: Total run distance (km) | B22: =SUMIFS('Workout Sessions'!$G$2:$G$140,'Workout Sessions'!$B$2:$B$140,"P1",'Workout Sessions'!$C$2:$C$140,1)/1000 -> 84.699 | C22: =SUMIFS('Workout Sessions'!$G$2:$G$140,'Workout Sessions'!$B$2:$B$140,"P2",'Workout Sessions'!$C$2:$C$140,1)/1000 -> 63.644 | D22: =C22-B22 -> -21.055 | E22: =IF(B22=0,"",(C22-B22)/B22) -> -0.24858617
A23: Avg run pace (min/km) | B23: =AVERAGEIFS('Workout Sessions'!$I$2:$I$140,'Workout Sessions'!$B$2:$B$140,"P1",'Workout Sessions'!$C$2:$C$140,1) -> 6.4097828 | C23: =AVERAGEIFS('Workout Sessions'!$I$2:$I$140,'Workout Sessions'!$B$2:$B$140,"P2",'Workout Sessions'!$C$2:$C$140,1) -> 6.4307622 | D23: =C23-B23 -> 0.020979402 | E23: =IF(B23=0,"",(C23-B23)/B23) -> 0.0032730285
A24: Avg est. energy burned / day (kcal) | B24: =AVERAGEIFS('Daily Summary'!$AA$2:$AA$141,'Daily Summary'!$B$2:$B$141,"P1") -> 2276.7064 | C24: =AVERAGEIFS('Daily Summary'!$AA$2:$AA$141,'Daily Summary'!$B$2:$B$141,"P2") -> 2332.1783 | D24: =C24-B24 -> 55.471914 | E24: =IF(B24=0,"",(C24-B24)/B24) -> 0.024364984
A26: Lower is better for resting/sleeping HR and run pace (min/km). All values are formulas over the other tabs. See report/REPORT.md for significance tests.

Sheet Weekly Trends
A1: Week Start (Mon) | B1: Days | C1: Avg Steps | D1: Avg Resting HR | E1: Avg Sleeping HR | F1: Avg Sleep (h) | G1: Workout Sessions | H1: Avg Workout kcal / day | I1: Vigorous Minutes
A2: 46153 | B2: =COUNTIF('Daily Summary'!$C$2:$C$141,A2) -> 6 | C2: =AVERAGEIFS('Daily Summary'!$D$2:$D$141,'Daily Summary'!$C$2:$C$141,A2) -> 6153.8333 | D2: =AVERAGEIFS('Daily Summary'!$I$2:$I$141,'Daily Summary'!$C$2:$C$141,A2) -> 41.333333 | E2: =AVERAGEIFS('Daily Summary'!$L$2:$L$141,'Daily Summary'!$C$2:$C$141,A2) -> 47.55035 | F2: =AVERAGEIFS('Daily Summary'!$S$2:$S$141,'Daily Summary'!$C$2:$C$141,A2)/60 -> 7.8694444 | G2: =SUMIFS('Daily Summary'!$P$2:$P$141,'Daily Summary'!$C$2:$C$141,A2) -> 4 | H2: =AVERAGEIFS('Daily Summary'!$R$2:$R$141,'Daily Summary'!$C$2:$C$141,A2) -> 272 | I2: =SUMIFS('Daily Summary'!$M$2:$M$141,'Daily Summary'!$C$2:$C$141,A2) -> 124
A3: 46160 | B3: =COUNTIF('Daily Summary'!$C$2:$C$141,A3) -> 7 | C3: =AVERAGEIFS('Daily Summary'!$D$2:$D$141,'Daily Summary'!$C$2:$C$141,A3) -> 8889.1429 | D3: =AVERAGEIFS('Daily Summary'!$I$2:$I$141,'Daily Summary'!$C$2:$C$141,A3) -> 43.285714 | E3: =AVERAGEIFS('Daily Summary'!$L$2:$L$141,'Daily Summary'!$C$2:$C$141,A3) -> 49.061891 | F3: =AVERAGEIFS('Daily Summary'!$S$2:$S$141,'Daily Summary'!$C$2:$C$141,A3)/60 -> 7.297619 | G3: =SUMIFS('Daily Summary'!$P$2:$P$141,'Daily Summary'!$C$2:$C$141,A3) -> 12 | H3: =AVERAGEIFS('Daily Summary'!$R$2:$R$141,'Daily Summary'!$C$2:$C$141,A3) -> 631.75591 | I3: =SUMIFS('Daily Summary'!$M$2:$M$141,'Daily Summary'!$C$2:$C$141,A3) -> 229
A4: 46167 | B4: =COUNTIF('Daily Summary'!$C$2:$C$141,A4) -> 7 | C4: =AVERAGEIFS('Daily Summary'!$D$2:$D$141,'Daily Summary'!$C$2:$C$141,A4) -> 10005.143 | D4: =AVERAGEIFS('Daily Summary'!$I$2:$I$141,'Daily Summary'!$C$2:$C$141,A4) -> 42.285714 | E4: =AVERAGEIFS('Daily Summary'!$L$2:$L$141,'Daily Summary'!$C$2:$C$141,A4) -> 49.162499 | F4: =AVERAGEIFS('Daily Summary'!$S$2:$S$141,'Daily Summary'!$C$2:$C$141,A4)/60 -> 5.6642857 | G4: =SUMIFS('Daily Summary'!$P$2:$P$141,'Daily Summary'!$C$2:$C$141,A4) -> 11 | H4: =AVERAGEIFS('Daily Summary'!$R$2:$R$141,'Daily Summary'!$C$2:$C$141,A4) -> 693.93737 | I4: =SUMIFS('Daily Summary'!$M$2:$M$141,'Daily Summary'!$C$2:$C$141,A4) -> 228
A5: 46174 | B5: =COUNTIF('Daily Summary'!$C$2:$C$141,A5) -> 7 | C5: =AVERAGEIFS('Daily Summary'!$D$2:$D$141,'Daily Summary'!$C$2:$C$141,A5) -> 7222.7143 | D5: =AVERAGEIFS('Daily Summary'!$I$2:$I$141,'Daily Summary'!$C$2:$C$141,A5) -> 41.285714 | E5: =AVERAGEIFS('Daily Summary'!$L$2:$L$141,'Daily Summary'!$C$2:$C$141,A5) -> 47.830339 | F5: =AVERAGEIFS('Daily Summary'!$S$2:$S$141,'Daily Summary'!$C$2:$C$141,A5)/60 -> 6.9642857 | G5: =SUMIFS('Daily Summary'!$P$2:$P$141,'Daily Summary'!$C$2:$C$141,A5) -> 2 | H5: =AVERAGEIFS('Daily Summary'!$R$2:$R$141,'Daily Summary'!$C$2:$C$141,A5) -> 71.270414 | I5: =SUMIFS('Daily Summary'!$M$2:$M$141,'Daily Summary'!$C$2:$C$141,A5) -> 20
A6: 46181 | B6: =COUNTIF('Daily Summary'!$C$2:$C$141,A6) -> 7 | C6: =AVERAGEIFS('Daily Summary'!$D$2:$D$141,'Daily Summary'!$C$2:$C$141,A6) -> 8492.5714 | D6: =AVERAGEIFS('Daily Summary'!$I$2:$I$141,'Daily Summary'!$C$2:$C$141,A6) -> 41.428571 | E6: =AVERAGEIFS('Daily Summary'!$L$2:$L$141,'Daily Summary'!$C$2:$C$141,A6) -> 47.86812 | F6: =AVERAGEIFS('Daily Summary'!$S$2:$S$141,'Daily Summary'!$C$2:$C$141,A6)/60 -> 6.0738095 | G6: =SUMIFS('Daily Summary'!$P$2:$P$141,'Daily Summary'!$C$2:$C$141,A6) -> 8 | H6: =AVERAGEIFS('Daily Summary'!$R$2:$R$141,'Daily Summary'!$C$2:$C$141,A6) -> 576.1249 | I6: =SUMIFS('Daily Summary'!$M$2:$M$141,'Daily Summary'!$C$2:$C$141,A6) -> 149
A7: 46188 | B7: =COUNTIF('Daily Summary'!$C$2:$C$141,A7) -> 7 | C7: =AVERAGEIFS('Daily Summary'!$D$2:$D$141,'Daily Summary'!$C$2:$C$141,A7) -> 8768.7143 | D7: =AVERAGEIFS('Daily Summary'!$I$2:$I$141,'Daily Summary'!$C$2:$C$141,A7) -> 42.714286 | E7: =AVERAGEIFS('Daily Summary'!$L$2:$L$141,'Daily Summary'!$C$2:$C$141,A7) -> 49.186259 | F7: =AVERAGEIFS('Daily Summary'!$S$2:$S$141,'Daily Summary'!$C$2:$C$141,A7)/60 -> 5.7809524 | G7: =SUMIFS('Daily Summary'!$P$2:$P$141,'Daily Summary'!$C$2:$C$141,A7) -> 6 | H7: =AVERAGEIFS('Daily Summary'!$R$2:$R$141,'Daily Summary'!$C$2:$C$141,A7) -> 366.46512 | I7: =SUMIFS('Daily Summary'!$M$2:$M$141,'Daily Summary'!$C$2:$C$141,A7) -> 51
A8: 46195 | B8: =COUNTIF('Daily Summary'!$C$2:$C$141,A8) -> 7 | C8: =AVERAGEIFS('Daily Summary'!$D$2:$D$141,'Daily Summary'!$C$2:$C$141,A8) -> 8758 | D8: =AVERAGEIFS('Daily Summary'!$I$2:$I$141,'Daily Summary'!$C$2:$C$141,A8) -> 43.714286 | E8: =AVERAGEIFS('Daily Summary'!$L$2:$L$141,'Daily Summary'!$C$2:$C$141,A8) -> 50.655079 | F8: =AVERAGEIFS('Daily Summary'!$S$2:$S$141,'Daily Summary'!$C$2:$C$141,A8)/60 -> 5.797619 | G8: =SUMIFS('Daily Summary'!$P$2:$P$141,'Daily Summary'!$C$2:$C$141,A8) -> 8 | H8: =AVERAGEIFS('Daily Summary'!$R$2:$R$141,'Daily Summary'!$C$2:$C$141,A8) -> 373.63467 | I8: =SUMIFS('Daily Summary'!$M$2:$M$141,'Daily Summary'!$C$2:$C$141,A8) -> 159
A9: 46202 | B9: =COUNTIF('Daily Summary'!$C$2:$C$141,A9) -> 7 | C9: =AVERAGEIFS('Daily Summary'!$D$2:$D$141,'Daily Summary'!$C$2:$C$141,A9) -> 8959.7143 | D9: =AVERAGEIFS('Daily Summary'!$I$2:$I$141,'Daily Summary'!$C$2:$C$141,A9) -> 41.714286 | E9: =AVERAGEIFS('Daily Summary'!$L$2:$L$141,'Daily Summary'!$C$2:$C$141,A9) -> 49.368239 | F9: =AVERAGEIFS('Daily Summary'!$S$2:$S$141,'Daily Summary'!$C$2:$C$141,A9)/60 -> 5.9619048 | G9: =SUMIFS('Daily Summary'!$P$2:$P$141,'Daily Summary'!$C$2:$C$141,A9) -> 4 | H9: =AVERAGEIFS('Daily Summary'!$R$2:$R$141,'Daily Summary'!$C$2:$C$141,A9) -> 491.58151 | I9: =SUMIFS('Daily Summary'!$M$2:$M$141,'Daily Summary'!$C$2:$C$141,A9) -> 236
A10: 46209 | B10: =COUNTIF('Daily Summary'!$C$2:$C$141,A10) -> 7 | C10: =AVERAGEIFS('Daily Summary'!$D$2:$D$141,'Daily Summary'!$C$2:$C$141,A10) -> 5449 | D10: =AVERAGEIFS('Daily Summary'!$I$2:$I$141,'Daily Summary'!$C$2:$C$141,A10) -> 41.714286 | E10: =AVERAGEIFS('Daily Summary'!$L$2:$L$141,'Daily Summary'!$C$2:$C$141,A10) -> 47.577096 | F10: =AVERAGEIFS('Daily Summary'!$S$2:$S$141,'Daily Summary'!$C$2:$C$141,A10)/60 -> 7.4285714 | G10: =SUMIFS('Daily Summary'!$P$2:$P$141,'Daily Summary'!$C$2:$C$141,A10) -> 4 | H10: =AVERAGEIFS('Daily Summary'!$R$2:$R$141,'Daily Summary'!$C$2:$C$141,A10) -> 152.14286 | I10: =SUMIFS('Daily Summary'!$M$2:$M$141,'Daily Summary'!$C$2:$C$141,A10) -> 0
A11: 46216 | B11: =COUNTIF('Daily Summary'!$C$2:$C$141,A11) -> 7 | C11: =AVERAGEIFS('Daily Summary'!$D$2:$D$141,'Daily Summary'!$C$2:$C$141,A11) -> 6344.1429 | D11: =AVERAGEIFS('Daily Summary'!$I$2:$I$141,'Daily Summary'!$C$2:$C$141,A11) -> 42.142857 | E11: =AVERAGEIFS('Daily Summary'!$L$2:$L$141,'Daily Summary'!$C$2:$C$141,A11) -> 48.147474 | F11: =AVERAGEIFS('Daily Summary'!$S$2:$S$141,'Daily Summary'!$C$2:$C$141,A11)/60 -> 7.3428571 | G11: =SUMIFS('Daily Summary'!$P$2:$P$141,'Daily Summary'!$C$2:$C$141,A11) -> 6 | H11: =AVERAGEIFS('Daily Summary'!$R$2:$R$141,'Daily Summary'!$C$2:$C$141,A11) -> 348.60851 | I11: =SUMIFS('Daily Summary'!$M$2:$M$141,'Daily Summary'!$C$2:$C$141,A11) -> 146
A12: 46223 | B12: =COUNTIF('Daily Summary'!$C$2:$C$141,A12) -> 7 | C12: =AVERAGEIFS('Daily Summary'!$D$2:$D$141,'Daily Summary'!$C$2:$C$141,A12) -> 7482.5714 | D12: =AVERAGEIFS('Daily Summary'!$I$2:$I$141,'Daily Summary'!$C$2:$C$141,A12) -> 41.142857 | E12: =AVERAGEIFS('Daily Summary'!$L$2:$L$141,'Daily Summary'!$C$2:$C$141,A12) -> 45.548693 | F12: =AVERAGEIFS('Daily Summary'!$S$2:$S$141,'Daily Summary'!$C$2:$C$141,A12)/60 -> 6.2928571 | G12: =SUMIFS('Daily Summary'!$P$2:$P$141,'Daily Summary'!$C$2:$C$141,A12) -> 6 | H12: =AVERAGEIFS('Daily Summary'!$R$2:$R$141,'Daily Summary'!$C$2:$C$141,A12) -> 368 | I12: =SUMIFS('Daily Summary'!$M$2:$M$141,'Daily Summary'!$C$2:$C$141,A12) -> 143
A13: 46230 | B13: =COUNTIF('Daily Summary'!$C$2:$C$141,A13) -> 7 | C13: =AVERAGEIFS('Daily Summary'!$D$2:$D$141,'Daily Summary'!$C$2:$C$141,A13) -> 9118.5714 | D13: =AVERAGEIFS('Daily Summary'!$I$2:$I$141,'Daily Summary'!$C$2:$C$141,A13) -> 41.714286 | E13: =AVERAGEIFS('Daily Summary'!$L$2:$L$141,'Daily Summary'!$C$2:$C$141,A13) -> 47.508154 | F13: =AVERAGEIFS('Daily Summary'!$S$2:$S$141,'Daily Summary'!$C$2:$C$141,A13)/60 -> 4.8714286 | G13: =SUMIFS('Daily Summary'!$P$2:$P$141,'Daily Summary'!$C$2:$C$141,A13) -> 8 | H13: =AVERAGEIFS('Daily Summary'!$R$2:$R$141,'Daily Summary'!$C$2:$C$141,A13) -> 459.13834 | I13: =SUMIFS('Daily Summary'!$M$2:$M$141,'Daily Summary'!$C$2:$C$141,A13) -> 187
... A21: 46286 | B21: =COUNTIF('Daily Summary'!$C$2:$C$141,A21) -> 7 | C21: =AVERAGEIFS('Daily Summary'!$D$2:$D$141,'Daily Summary'!$C$2:$C$141,A21) -> 9579.8571 | D21: =AVERAGEIFS('Daily Summary'!$I$2:$I$141,'Daily Summary'!$C$2:$C$141,A21) -> 40.857143 | E21: =AVERAGEIFS('Daily Summary'!$L$2:$L$141,'Daily Summary'!$C$2:$C$141,A21) -> 46.370413 | F21: =AVERAGEIFS('Daily Summary'!$S$2:$S$141,'Daily Summary'!$C$2:$C$141,A21)/60 -> 5.752381 | G21: =SUMIFS('Daily Summary'!$P$2:$P$141,'Daily Summary'!$C$2:$C$141,A21) -> 7 | H21: =AVERAGEIFS('Daily Summary'!$R$2:$R$141,'Daily Summary'!$C$2:$C$141,A21) -> 421.18175 | I21: =SUMIFS('Daily Summary'!$M$2:$M$141,'Daily Summary'!$C$2:$C$141,A21) -> 193
A23: Weeks with fewer than 4 days of data are left out so partial weeks don't distort the trend.

Sheet Notes
A1: Data sources & assumptions
A2: Covers 2026-05-12 to 2026-09-28 (140 days), merged from every 'Health Data*' export folder. Periods: P1: 12 May – 20 Jul 2026; P2: 21 Jul – 28 Sep 2026. A date that appears in two exports belongs to the earlier one; duplicate rows are de-duplicated with the newer export winning.
A3: Timezone: all times are IST (UTC+5:30). HEARTRATE_AUTO, ACTIVITY_MINUTE, ACTIVITY_STAGE and SLEEP_MINUTE are already local; SPORT start times and SLEEP start/stop are UTC in the export and are converted. The offset was confirmed by aligning workouts with heart-rate spikes (79 of 129 sessions of 20+ minutes peak at exactly +5:30).
A4: Workouts are assigned to their IST calendar date.
A5: Resting HR = lowest HEARTRATE_AUTO reading of the day. Sleeping HR = average HR across that night's sleep from SLEEP_MINUTE. There is no dedicated resting-HR field.
A6: Vigorous minutes = minutes with HR ≥ 140 bpm (70% of an age-predicted max of 200 for age 20).
A7: HRV is not in the export. The HRV tab and the Daily Summary's HRV column use monthly figures read off the Zepp app (manual_data/hrv_monthly.csv); add a row there each month to keep it current. Respiratory rate is not recorded (the column is empty in every export).
A8: Active Minutes = total duration of ACTIVITY_STAGE movement segments for that date.
A9: Activity Calories (device daily figure) already includes workout movement, so it overlaps Workout Calories; don't add them together.
A10: Workout names are inferred from Zepp's numeric type codes by distance, pace and intensity; the export has no names.
A11: Run pace (min/km) = SPORT avgPace (seconds per metre) × 1000 / 60, blank for sessions under 500 m (GPS dropouts, e.g. 2026-06-25 run: 59 min for 58 m).
A12: Sleep fields come from SLEEP; Total Sleep = Deep + Light + REM. The sleep row's date is the wake-up date.
... A16: Rebuild: python3 scripts/build_summary.py, then open the file in Excel once so formulas get calculated values.
